stage,system,switch_high,switch_low,hysteresis_count,loss_rate,rtt_ms,trials,integrity_failures,goodput_mean,goodput_stdev,completion_mean_s,retransmissions_mean,overhead_mean,switches_mean,gbn_residence_mean_s,sr_residence_mean_s
confirm,fixed-hybrid,0.1,0.02,3,0.0,0.0,3,0,8207353.578806111,2392174.658469988,0.03427266666666667,0.0,0.0,0.0,0.033299666666666665,0.0
confirm,fixed-hybrid,0.1,0.02,3,0.01,0.0,3,0,388894.8010204194,8898.835800331175,0.6743066666666667,21.666666666666668,0.0778998778998779,0.0,0.6722683333333332,0.0
confirm,fixed-hybrid,0.1,0.02,3,0.02,0.0,3,0,344546.68034304766,197454.62736053002,0.9486776666666666,31.666666666666668,0.10835005069134364,0.0,0.9471696666666668,0.0
confirm,fixed-hybrid,0.1,0.02,3,0.05,0.0,3,0,79957.9349072147,19361.396013643593,3.394955,125.0,0.3257239791590936,0.0,3.392969666666666,0.0
confirm,fixed-hybrid,0.1,0.02,3,0.1,0.0,3,0,48070.53811104372,14891.858423475445,5.766742,198.0,0.43159377626149015,0.0,5.765092333333333,0.0
confirm,fixed-hybrid,0.1,0.02,3,0.2,0.0,3,1,18301.98755418406,2307.4588631940096,14.567679333333333,508.0,0.6639775076728884,0.0,14.566336666666666,0.0
confirm,gbn,,,,0.0,0.0,3,0,11035914.267212471,46510.450124470866,0.023754,0.0,0.0,0.0,0.022959000000000004,0.0
confirm,gbn,,,,0.01,0.0,3,0,392176.570675191,7924.411322881949,0.6686136666666668,21.666666666666668,0.0778998778998779,0.0,0.6672436666666667,0.0
confirm,gbn,,,,0.02,0.0,3,0,357565.36378203676,193411.54233724624,0.8800496666666667,31.0,0.1064787672174813,0.0,0.8779996666666667,0.0
confirm,gbn,,,,0.05,0.0,3,0,79817.042165049,18739.941954142527,3.3942113333333332,127.0,0.32882521489971345,0.0,3.3920096666666666,0.0
confirm,gbn,,,,0.1,0.0,3,0,47941.52728187214,6597.011716485358,5.5373616666666665,192.66666666666666,0.425718510039586,0.0,5.5359240000000005,0.0
confirm,gbn,,,,0.2,0.0,3,1,19645.95894199539,2832.045669118595,13.585924,516.3333333333334,0.6699043059502866,0.0,13.583842333333335,0.0
confirm,hybrid,0.1,0.02,3,0.0,0.0,3,0,8699176.333912095,2951789.2697188715,0.03305333333333333,0.0,0.0,0.0,0.031986,0.0
confirm,hybrid,0.1,0.02,3,0.01,0.0,3,0,384901.3471717271,8279.754511693276,0.6812793333333333,21.666666666666668,0.0778998778998779,0.0,0.6794303333333334,0.0
confirm,hybrid,0.1,0.02,3,0.02,0.0,3,0,356517.4897291724,198742.35402669356,0.8919333333333334,29.666666666666668,0.10266059285667128,0.3333333333333333,0.8149329999999999,0.07560133333333334
confirm,hybrid,0.1,0.02,3,0.05,0.0,3,0,87529.56358423276,21275.849792248784,3.102797666666667,67.0,0.20670097284303046,1.0,1.625553,1.4758886666666668
confirm,hybrid,0.1,0.02,3,0.1,0.0,3,0,62404.14724622842,8715.919842387231,4.252696666666666,102.66666666666667,0.2852342040498679,1.0,2.3402733333333336,1.9102646666666665
confirm,hybrid,0.1,0.02,3,0.2,0.0,3,0,25980.584572988202,5536.334414886126,10.420256333333333,174.66666666666666,0.40290925293339336,1.0,4.067983666666667,6.350276
confirm,sr,,,,0.0,0.0,3,0,10614199.209829895,1197788.5283175833,0.024896,0.0,0.0,0.0,0.0,0.024116
confirm,sr,,,,0.01,0.0,3,0,504833.159243237,99686.03545309379,0.5349513333333333,2.6666666666666665,0.010305987050173096,0.0,0.0,0.5325693333333333
confirm,sr,,,,0.02,0.0,3,0,392346.4050981043,155578.66338692693,0.7451993333333333,5.0,0.01909021909021909,0.0,0.0,0.7439756666666666
confirm,sr,,,,0.05,0.0,3,0,113347.55502397807,9366.729051602644,2.3231913333333334,14.333333333333334,0.05298340077342828,0.0,0.0,2.3219153333333336
confirm,sr,,,,0.1,0.0,3,0,62441.36797906245,13472.810054193145,4.320214,26.333333333333332,0.09308755760368663,0.0,0.0,4.318446000000001
confirm,sr,,,,0.2,0.0,3,0,40257.06827137813,1178.8604640660274,6.515413666666667,63.0,0.19738123878448463,0.0,0.0,6.513988
entry,gbn,,,,0.0,0.0,3,0,7552702.868446288,3650753.4963438627,0.039887,0.0,0.0,0.0,0.03840266666666667,0.0
entry,gbn,,,,0.01,0.0,3,0,379758.98014912335,10024.262434552873,0.6906100000000001,21.666666666666668,0.0778998778998779,0.0,0.6881953333333334,0.0
entry,gbn,,,,0.02,0.0,3,0,348381.3601764766,188648.0921390641,0.9021313333333333,31.0,0.1064787672174813,0.0,0.9002863333333334,0.0
entry,gbn,,,,0.05,0.0,3,0,80196.73126507956,19222.46188277314,3.382573666666667,127.0,0.32882521489971345,0.0,3.3811736666666667,0.0
entry,gbn,,,,0.1,0.0,3,0,48047.734526650274,6212.2384282112935,5.517508333333333,192.66666666666666,0.425718510039586,0.0,5.515975666666667,0.0
entry,gbn,,,,0.2,0.0,3,1,19625.996130157037,2749.296142950275,13.588265333333334,516.3333333333334,0.6699043059502866,0.0,13.586697000000001,0.0
entry,hybrid,0.05,0.02,1,0.0,0.0,3,0,7234416.598111298,2876729.4312731517,0.03982433333333333,0.0,0.0,0.0,0.038517666666666665,0.0
entry,hybrid,0.05,0.02,1,0.01,0.0,3,0,372682.9632621817,8745.751886053837,0.7036519999999999,21.666666666666668,0.0778998778998779,0.0,0.7024263333333334,0.0
entry,hybrid,0.05,0.02,1,0.02,0.0,3,0,346676.1545961919,180926.36648588013,0.893679,29.666666666666668,0.10266059285667128,0.3333333333333333,0.8171016666666665,0.074842
entry,hybrid,0.05,0.02,1,0.05,0.0,3,0,93577.16554446518,14477.559987999948,2.8434950000000003,51.333333333333336,0.16702624194480872,1.0,1.207213,1.6350123333333333
entry,hybrid,0.05,0.02,1,0.1,0.0,3,0,68472.45401051371,5942.3072537729995,3.848422333333333,69.0,0.21206672511020339,1.0,1.3351296666666668,2.5114543333333335
entry,hybrid,0.05,0.02,1,0.2,0.0,3,0,34458.95037671149,1393.9040977667732,7.615604333333334,108.33333333333333,0.29663392932090993,1.0,1.6654646666666666,5.948599000000001
entry,hybrid,0.05,0.02,2,0.0,0.0,3,0,6869576.463625427,2933831.434552417,0.04239066666666667,0.0,0.0,0.0,0.041286666666666666,0.0
entry,hybrid,0.05,0.02,2,0.01,0.0,3,0,382444.38367870013,6346.861757891358,0.6855703333333333,21.666666666666668,0.0778998778998779,0.0,0.6838673333333333,0.0
entry,hybrid,0.05,0.02,2,0.02,0.0,3,0,342035.4465773091,185949.40100660574,0.9164370000000001,29.666666666666668,0.10266059285667128,0.3333333333333333,0.8391686666666667,0.07523533333333332
entry,hybrid,0.05,0.02,2,0.05,0.0,3,0,89498.0331731909,20023.765221068617,3.0213033333333335,64.66666666666667,0.20132975322848742,1.0,1.5550420000000003,1.464179333333333
entry,hybrid,0.05,0.02,2,0.1,0.0,3,0,54320.891576219314,14518.281444984188,5.060981666666667,86.66666666666667,0.2526900590902453,1.0,2.7093976666666673,2.349824333333333
entry,hybrid,0.05,0.02,2,0.2,0.0,3,0,28531.962803253653,6292.0256513852,9.459788999999999,135.33333333333334,0.34471819727680053,1.0,2.8401433333333337,6.618359000000001
entry,hybrid,0.05,0.02,3,0.0,0.0,3,0,6644084.537351757,2954700.0396566344,0.04414333333333333,0.0,0.0,0.0,0.042915666666666664,0.0
entry,hybrid,0.05,0.02,3,0.01,0.0,3,0,381502.8885831234,5467.904803178061,0.6872293333333334,21.666666666666668,0.0778998778998779,0.0,0.6854809999999999,0.0
entry,hybrid,0.05,0.02,3,0.02,0.0,3,0,355212.39507713105,192709.119649351,0.8859113333333334,29.666666666666668,0.10266059285667128,0.3333333333333333,0.8124956666666666,0.07165966666666668
entry,hybrid,0.05,0.02,3,0.05,0.0,3,0,87383.19972121636,20186.768347274025,3.0982113333333334,67.0,0.20670097284303046,1.0,1.631937,1.4648029999999999
entry,hybrid,0.05,0.02,3,0.1,0.0,3,0,61701.7276842749,6686.337660252475,4.280293666666666,102.66666666666667,0.2852342040498679,1.0,2.3219703333333332,1.956304
entry,hybrid,0.05,0.02,3,0.2,0.0,3,0,25905.685363949935,5063.702073931992,10.410017666666667,174.66666666666666,0.40290925293339336,1.0,4.0161066666666665,6.392716666666668
entry,hybrid,0.1,0.02,1,0.0,0.0,3,0,7160415.202057236,3512147.408037723,0.043194,0.0,0.0,0.0,0.041738666666666674,0.0
entry,hybrid,0.1,0.02,1,0.01,0.0,3,0,384246.1300090324,1428.7170124622353,0.6822356666666667,21.666666666666668,0.0778998778998779,0.0,0.6805013333333333,0.0
entry,hybrid,0.1,0.02,1,0.02,0.0,3,0,340175.4014011771,170880.12844222115,0.9035036666666666,29.666666666666668,0.10266059285667128,0.3333333333333333,0.8254216666666667,0.07567999999999997
entry,hybrid,0.1,0.02,1,0.05,0.0,3,0,94284.99005132834,15636.45610521362,2.8282973333333334,51.333333333333336,0.16702624194480872,1.0,1.1990646666666667,1.627944
entry,hybrid,0.1,0.02,1,0.1,0.0,3,0,68082.70376924262,5424.334442901624,3.867118666666667,69.0,0.21206672511020339,1.0,1.3494213333333331,2.5156856666666667
entry,hybrid,0.1,0.02,1,0.2,0.0,3,0,34298.56744886761,1442.0343156219144,7.6518506666666655,108.33333333333333,0.29663392932090993,1.0,1.664925,5.985223666666666
entry,hybrid,0.1,0.02,2,0.0,0.0,3,0,7059881.434552886,2590314.493806375,0.04012266666666667,0.0,0.0,0.0,0.03850566666666667,0.0
entry,hybrid,0.1,0.02,2,0.01,0.0,3,0,378134.5392862575,6835.65395938085,0.6934056666666667,21.666666666666668,0.0778998778998779,0.0,0.6921566666666666,0.0
entry,hybrid,0.1,0.02,2,0.02,0.0,3,0,344499.8420675835,175938.57172762055,0.90071,29.666666666666668,0.10266059285667128,0.3333333333333333,0.821651,0.07739699999999994
entry,hybrid,0.1,0.02,2,0.05,0.0,3,0,89680.98480219574,20504.510453201332,3.0192953333333334,64.66666666666667,0.20132975322848742,1.0,1.552161,1.4655046666666667
entry,hybrid,0.1,0.02,2,0.1,0.0,3,0,54232.584353008824,14455.742873139116,5.0668766666666665,86.66666666666667,0.2526900590902453,1.0,2.702386,2.362515333333333
entry,hybrid,0.1,0.02,2,0.2,0.0,3,0,28505.547906922493,6271.260918961399,9.467302666666667,135.33333333333334,0.34471819727680053,1.0,2.8298373333333333,6.635576666666666
entry,hybrid,0.1,0.02,3,0.0,0.0,3,0,6927494.066016416,4027484.1060014036,0.045606,0.0,0.0,0.0,0.043611000000000004,0.0
entry,hybrid,0.1,0.02,3,0.01,0.0,3,0,381715.86773332185,9115.00882295345,0.6870106666666667,21.666666666666668,0.0778998778998779,0.0,0.6853453333333333,0.0
entry,hybrid,0.1,0.02,3,0.02,0.0,3,0,359389.0579913412,196800.44051047188,0.8809593333333333,29.666666666666668,0.10266059285667128,0.3333333333333333,0.8045846666666666,0.0752996666666667
entry,hybrid,0.1,0.02,3,0.05,0.0,3,0,87213.719362839,21767.172709577284,3.1196406666666667,67.0,0.20670097284303046,1.0,1.6468216666666666,1.4710403333333335
entry,hybrid,0.1,0.02,3,0.1,0.0,3,0,61678.620364985465,6720.614612248075,4.282405333333333,102.66666666666667,0.2852342040498679,1.0,2.322353,1.9583209999999998
entry,hybrid,0.1,0.02,3,0.2,0.0,3,0,25937.91417043647,5136.09294119606,10.405799,174.66666666666666,0.40290925293339336,1.0,4.010059333333333,6.394077666666667
entry,hybrid,0.2,0.02,1,0.0,0.0,3,0,5757845.5382456705,369308.44561389793,0.045653,0.0,0.0,0.0,0.04413166666666666,0.0
entry,hybrid,0.2,0.02,1,0.01,0.0,3,0,382998.46428008325,18711.23532487594,0.6855686666666667,21.666666666666668,0.0778998778998779,0.0,0.6839553333333334,0.0
entry,hybrid,0.2,0.02,1,0.02,0.0,3,0,346676.408218815,194951.5216931413,0.915005,29.666666666666668,0.10266059285667128,0.3333333333333333,0.8357256666666667,0.07820633333333331
entry,hybrid,0.2,0.02,1,0.05,0.0,3,0,93692.72450991154,14879.125647830326,2.8425146666666663,54.333333333333336,0.17494278835143884,1.0,1.2260183333333332,1.614873
entry,hybrid,0.2,0.02,1,0.1,0.0,3,0,68297.0550639392,6064.062756379628,3.858907,69.0,0.21206672511020339,1.0,1.3420966666666667,2.5151393333333334
entry,hybrid,0.2,0.02,1,0.2,0.0,3,0,34441.54514379969,1392.429437662257,7.619459,108.33333333333333,0.29663392932090993,1.0,1.6537700000000004,5.9632336666666665
entry,hybrid,0.2,0.02,2,0.0,0.0,3,0,4919095.459277917,672196.6266426819,0.053929666666666674,0.0,0.0,0.0,0.052126000000000006,0.0
entry,hybrid,0.2,0.02,2,0.01,0.0,3,0,378174.2120957631,7307.1363107675215,0.6933556666666667,21.666666666666668,0.0778998778998779,0.0,0.691771,0.0
entry,hybrid,0.2,0.02,2,0.02,0.0,3,0,353732.9153120118,192913.34460363848,0.891555,29.666666666666668,0.10266059285667128,0.3333333333333333,0.8162936666666667,0.07323600000000001
entry,hybrid,0.2,0.02,2,0.05,0.0,3,0,89465.72618977202,20411.104121475884,3.0260870000000004,64.66666666666667,0.20132975322848742,1.0,1.5574000000000001,1.4674266666666667
entry,hybrid,0.2,0.02,2,0.1,0.0,3,0,54052.89739081409,14073.609536774253,5.073756,86.66666666666667,0.2526900590902453,1.0,2.7095276666666663,2.3625133333333337
entry,hybrid,0.2,0.02,2,0.2,0.0,3,0,28610.85919568375,6393.273212135869,9.440752333333334,135.33333333333334,0.34471819727680053,1.0,2.825763333333333,6.613093999999999
entry,hybrid,0.2,0.02,3,0.0,0.0,3,0,4938989.70471298,912326.8336643027,0.054406333333333334,0.0,0.0,0.0,0.05321733333333333,0.0
entry,hybrid,0.2,0.02,3,0.01,0.0,3,0,376063.77937630285,9607.42725092889,0.6973803333333333,21.666666666666668,0.0778998778998779,0.0,0.6953840000000001,0.0
entry,hybrid,0.2,0.02,3,0.02,0.0,3,0,342940.43976754876,186696.13874438856,0.9175796666666667,29.666666666666668,0.10266059285667128,0.3333333333333333,0.840462,0.07524133333333334
entry,hybrid,0.2,0.02,3,0.05,0.0,3,0,85090.16342152651,16232.36307088693,3.1504399999999997,76.66666666666667,0.22940017176677532,1.0,1.8934733333333333,1.2556180000000001
entry,hybrid,0.2,0.02,3,0.1,0.0,3,0,61521.12093477345,6177.562397052714,4.288577666666667,102.66666666666667,0.2852342040498679,1.0,2.3263659999999997,1.9606673333333333
entry,hybrid,0.2,0.02,3,0.2,0.0,3,0,25913.29563706597,5119.0450778820605,10.412070333333334,174.66666666666666,0.40290925293339336,1.0,4.004422333333333,6.405630666666667
entry,hybrid,0.35,0.02,1,0.0,0.0,3,0,4972745.495047893,555273.0847123549,0.053157,0.0,0.0,0.0,0.051573666666666663,0.0
entry,hybrid,0.35,0.02,1,0.01,0.0,3,0,375474.93693566974,3074.945313391519,0.6981976666666667,21.666666666666668,0.0778998778998779,0.0,0.6957583333333334,0.0
entry,hybrid,0.35,0.02,1,0.02,0.0,3,0,340691.09368196694,177029.8347146155,0.9082353333333333,29.666666666666668,0.10266059285667128,0.3333333333333333,0.8312926666666667,0.07506533333333332
entry,hybrid,0.35,0.02,1,0.05,0.0,3,0,91373.97958876455,9386.012331423528,2.8884556666666668,65.33333333333333,0.200476864010646,0.6666666666666666,1.5722656666666666,1.3139613333333333
entry,hybrid,0.35,0.02,1,0.1,0.0,3,0,68639.55073485935,5693.19059738182,3.8370893333333336,69.0,0.21206672511020339,1.0,1.3246273333333334,2.511253333333334
entry,hybrid,0.35,0.02,1,0.2,0.0,3,0,34279.28676687564,1263.9508570838982,7.654134333333334,108.33333333333333,0.29663392932090993,1.0,1.6844826666666668,5.967624666666667
entry,hybrid,0.35,0.02,2,0.0,0.0,3,0,4846961.422362309,372168.1640008556,0.05429433333333333,0.0,0.0,0.0,0.05271033333333333,0.0
entry,hybrid,0.35,0.02,2,0.01,0.0,3,0,380468.31818443415,4603.143125870992,0.6890703333333333,21.666666666666668,0.0778998778998779,0.0,0.6874703333333333,0.0
entry,hybrid,0.35,0.02,2,0.02,0.0,3,0,347130.48994444776,187356.3442646698,0.9045740000000001,29.666666666666668,0.10266059285667128,0.3333333333333333,0.8306049999999999,0.072528
entry,hybrid,0.35,0.02,2,0.05,0.0,3,0,86341.20995917797,14862.982408771673,3.094799666666667,75.66666666666667,0.22686382888769455,0.6666666666666666,1.9125813333333335,1.1803753333333333
entry,hybrid,0.35,0.02,2,0.1,0.0,3,0,61441.29125430204,10493.786821633857,4.347395333333333,99.0,0.2777407051916856,1.0,2.6648583333333336,1.680896333333333
entry,hybrid,0.35,0.02,2,0.2,0.0,3,0,28395.782818932727,6533.4090319198185,9.528985666666667,135.33333333333334,0.34471819727680053,1.0,2.8346096666666667,6.692637333333334
entry,hybrid,0.35,0.02,3,0.0,0.0,3,0,5272533.297949016,170349.10430448188,0.04975333333333334,0.0,0.0,0.0,0.048198333333333336,0.0
entry,hybrid,0.35,0.02,3,0.01,0.0,3,0,380507.0058758234,6753.758333253229,0.689078,21.666666666666668,0.0778998778998779,0.0,0.687236,0.0
entry,hybrid,0.35,0.02,3,0.02,0.0,3,0,339426.9425902647,174100.3827715513,0.9122523333333333,31.0,0.1064787672174813,0.0,0.9102756666666666,0.0
entry,hybrid,0.35,0.02,3,0.05,0.0,3,0,84859.3490429202,15614.59476593838,3.1548613333333333,78.0,0.2322350485022376,0.6666666666666666,1.976248,1.1773853333333333
entry,hybrid,0.35,0.02,3,0.1,0.0,3,0,60927.56913353334,7524.209368015972,4.343776666666667,118.33333333333333,0.31425410699527223,1.0,2.8166306666666667,1.525088
entry,hybrid,0.35,0.02,3,0.2,0.0,3,0,26571.356633317544,3846.082668927531,10.011634,176.66666666666666,0.405853812399692,1.0,4.0359066666666665,5.973776333333333
entry,hybrid,0.5,0.02,1,0.0,0.0,3,0,4394929.236283875,486791.30339277675,0.060122666666666665,0.0,0.0,0.0,0.05853266666666667,0.0
entry,hybrid,0.5,0.02,1,0.01,0.0,3,0,380224.20616455283,3624.8588092126765,0.6894876666666666,21.666666666666668,0.0778998778998779,0.0,0.6876730000000001,0.0
entry,hybrid,0.5,0.02,1,0.02,0.0,3,0,347162.8970092785,184765.2062141023,0.900875,29.666666666666668,0.10266059285667128,0.3333333333333333,0.819994,0.07898533333333331
entry,hybrid,0.5,0.02,1,0.05,0.0,3,0,85789.70080671094,14480.365594511017,3.1121223333333337,75.66666666666667,0.22686382888769455,0.6666666666666666,1.9259506666666664,1.1841400000000002
entry,hybrid,0.5,0.02,1,0.1,0.0,3,0,60243.973449902165,8268.587862978284,4.405344,99.0,0.2777407051916856,1.0,2.6509583333333335,1.7524530000000003
entry,hybrid,0.5,0.02,1,0.2,0.0,3,0,34349.32124228216,1454.6209660671102,7.640677666666666,108.33333333333333,0.29663392932090993,1.0,1.6696923333333336,5.9693830000000005
entry,hybrid,0.5,0.02,2,0.0,0.0,3,0,4518601.5046247095,346451.8058634376,0.058233,0.0,0.0,0.0,0.056525,0.0
entry,hybrid,0.5,0.02,2,0.01,0.0,3,0,380156.9208916841,12776.97391948085,0.690081,21.666666666666668,0.0778998778998779,0.0,0.6879923333333333,0.0
entry,hybrid,0.5,0.02,2,0.02,0.0,3,0,350104.9591928064,185602.27052399865,0.8907866666666667,29.666666666666668,0.10266059285667128,0.3333333333333333,0.8155259999999999,0.07345400000000006
entry,hybrid,0.5,0.02,2,0.05,0.0,3,0,83065.49149801904,17070.44252634981,3.240845333333333,101.33333333333333,0.2812064308506777,0.6666666666666666,2.618128,0.6211506666666667
entry,hybrid,0.5,0.02,2,0.1,0.0,3,0,60794.65543819601,7487.199530802504,4.353063333333334,118.33333333333333,0.31425410699527223,1.0,2.814017,1.5376780000000003
entry,hybrid,0.5,0.02,2,0.2,0.0,3,0,28528.40899184704,6386.6118583205425,9.469158666666667,135.33333333333334,0.34471819727680053,1.0,2.843181,6.624052333333332
entry,hybrid,0.5,0.02,3,0.0,0.0,3,0,4954850.3791921735,1107765.3619211128,0.05472,0.0,0.0,0.0,0.05305866666666667,0.0
entry,hybrid,0.5,0.02,3,0.01,0.0,3,0,381221.59204760566,7429.564527517031,0.687815,21.666666666666668,0.0778998778998779,0.0,0.685889,0.0
entry,hybrid,0.5,0.02,3,0.02,0.0,3,0,344204.5347020414,183846.58913804314,0.9061880000000001,31.0,0.1064787672174813,0.0,0.9045890000000001,0.0
entry,hybrid,0.5,0.02,3,0.05,0.0,3,0,80586.39997026676,19830.928264901377,3.372184666666667,127.0,0.32882521489971345,0.0,3.369779,0.0
entry,hybrid,0.5,0.02,3,0.1,0.0,3,0,57126.14881032971,10941.02351832103,4.692878333333334,132.66666666666666,0.33827533982254226,1.0,3.231287666666667,1.4603743333333334
entry,hybrid,0.5,0.02,3,0.2,0.0,3,0,25721.457349612785,5235.364302889344,10.508187,174.66666666666666,0.40290925293339336,1.0,4.022938,6.483380333333333
entry,sr,,,,0.0,0.0,3,0,6808042.194010824,2797585.1387134693,0.042454,0.0,0.0,0.0,0.0,0.041299333333333334
entry,sr,,,,0.01,0.0,3,0,505542.507204454,101448.32509362393,0.5347689999999999,2.6666666666666665,0.010305987050173096,0.0,0.0,0.5335473333333334
entry,sr,,,,0.02,0.0,3,0,389905.33707284153,150650.33009069497,0.7511503333333334,5.0,0.01909021909021909,0.0,0.0,0.7490596666666667
entry,sr,,,,0.05,0.0,3,0,112593.55425815981,9982.83409273465,2.340763,14.333333333333334,0.05298340077342828,0.0,0.0,2.338464333333333
entry,sr,,,,0.1,0.0,3,0,62880.608118757234,14022.748928520583,4.2974749999999995,26.333333333333332,0.09308755760368663,0.0,0.0,4.295958333333334
entry,sr,,,,0.2,0.0,3,0,40212.54517905449,1418.692439059212,6.524287,63.0,0.19738123878448463,0.0,0.0,6.52269
exit,gbn,,,,0.15,0.0,3,0,81787.6892936532,960.6536726849426,3.2054709999999997,120.0,0.3191489361702128,0.0,3.203504666666667,0.0
exit,hybrid,0.1,0.01,1,0.15,0.0,3,0,82739.02172011115,304.53860723500276,3.1683523333333334,66.66666666666667,0.20613032609859147,2.0,1.3421113333333334,1.8246930000000001
exit,hybrid,0.1,0.01,2,0.15,0.0,3,0,82544.41009512641,509.18060250503856,3.1758743333333332,79.66666666666667,0.23673614751046093,1.6666666666666667,2.1089499999999997,1.0650543333333335
exit,hybrid,0.1,0.01,3,0.15,0.0,3,0,80210.09433889897,2448.1664975634194,3.270277,94.0,0.26758844329039555,1.0,3.087888,0.18100733333333321
exit,hybrid,0.1,0.02,1,0.15,0.0,3,0,82484.37002513667,1078.836106597611,3.1784696666666665,66.66666666666667,0.20613032609859147,2.0,1.340772333333333,1.8361033333333336
exit,hybrid,0.1,0.02,2,0.15,0.0,3,0,81666.71549945784,1003.4592067445413,3.2102500000000003,79.66666666666667,0.23673614751046093,1.6666666666666667,2.120862666666667,1.088152
exit,hybrid,0.1,0.02,3,0.15,0.0,3,0,80459.480850012,3320.69536733228,3.2618756666666666,94.0,0.26758844329039555,1.0,3.0836419999999998,0.1765133333333333
exit,hybrid,0.1,0.05,1,0.15,0.0,3,0,82496.17819311947,560.60379595717,3.1777483333333336,66.66666666666667,0.20613032609859147,2.0,1.3368603333333333,1.8390406666666668
exit,hybrid,0.1,0.05,2,0.15,0.0,3,0,82327.77750051284,174.9088201191385,3.1841596666666665,79.66666666666667,0.23673614751046093,1.6666666666666667,2.1092573333333333,1.0736773333333334
exit,hybrid,0.1,0.05,3,0.15,0.0,3,0,80600.5827998646,2570.7855314912354,3.2546316666666666,94.0,0.26758844329039555,1.0,3.072986333333333,0.18028433333333327
exit,hybrid,0.1,0.1,1,0.15,0.0,3,0,82489.5803617167,162.97075541046792,3.1779126666666664,66.66666666666667,0.20613032609859147,2.0,1.358405333333333,1.817685
exit,hybrid,0.1,0.1,2,0.15,0.0,3,0,82496.64394890743,436.8458238517212,3.1776916666666666,79.66666666666667,0.23673614751046093,1.6666666666666667,2.111515333333333,1.0641413333333334
exit,hybrid,0.1,0.1,3,0.15,0.0,3,0,82706.14038234168,5247.313188056358,3.1784323333333333,92.66666666666667,0.26487066222912775,1.0,3.065802333333334,0.11077099999999988
exit,sr,,,,0.15,0.0,3,0,83465.96583211223,844.4374533264912,3.1409423333333333,28.333333333333332,0.09955687731237828,0.0,0.0,3.1393299999999997
flap,gbn,,,,0.06,0.0,3,0,227396.85710127652,9630.90358969045,13.850253333333335,504.0,0.14091379970574602,0.0,13.840983000000001,0.0
flap,hybrid,0.1,0.02,1,0.06,0.0,3,0,235505.77620884767,11488.788713973208,13.378756333333333,226.0,0.06847572192028044,8.0,5.044771666666667,8.323247333333333
flap,hybrid,0.1,0.02,2,0.06,0.0,3,0,235214.8833848415,6763.465067333283,13.381157666666667,246.66666666666666,0.07420405370035958,7.0,5.719795333333333,7.648791666666667
flap,hybrid,0.1,0.02,3,0.06,0.0,3,0,237294.2347988571,7328.215310710373,13.265223,222.0,0.06731241441155313,5.333333333333333,4.861591666666667,8.397065666666666
flap,sr,,,,0.06,0.0,3,0,239128.52694609304,8722.974667664925,13.166878666666667,72.66666666666667,0.023106964212643005,0.0,0.0,13.158357666666667
rtt-check,gbn,,,,0.1,50.0,3,0,27779.44782823545,6215.8677644301715,9.811473,234.0,0.47438741045585714,0.0,9.810311666666667,0.0
rtt-check,hybrid,0.1,0.02,3,0.1,50.0,3,0,34357.25493662478,4737.656488328744,7.735407333333334,100.66666666666667,0.28181199325234546,1.0,3.4574073333333337,4.276550666666667
rtt-check,sr,,,,0.1,50.0,3,0,40592.72644198679,6218.94813942559,6.562494333333333,29.0,0.10125512554368289,0.0,0.0,6.5611310000000005
