stage,run_id,system,loss_rate,loss_schedule,rtt_ms,switch_high,switch_low,hysteresis_count,evaluation_interval_segments,min_mode_residence_s,trial,seed,file_bytes,window_size,rto_s,completion_time_s,goodput_bytes_per_s,retransmission_count,retransmission_overhead,switch_count,handshake_count,abandoned_switches,gbn_residence_s,sr_residence_s,final_mode,integrity_success,error
entry,entry_gbn_L0_t0,gbn,0.0,,0.0,,,,,,0,117366552,262144,8,0.2,0.022432,11686162.624821683,0,0.0,0,0,0,0.021617,0.0,gbn,True,
entry,entry_sr_L0_t0,sr,0.0,,0.0,,,,,,0,117366552,262144,8,0.2,0.026182,10012374.914063096,0,0.0,0,0,0,0.0,0.025435000000000003,sr,True,
entry,entry_hybrid_h0.05_l0.02_n1_L0_t0,hybrid,0.0,,0.0,0.05,0.02,1,20,1.0,0,117366552,262144,8,0.2,0.024987,10491215.432024654,0,0.0,0,0,0,0.024272,0.0,gbn,True,
entry,entry_hybrid_h0.05_l0.02_n2_L0_t0,hybrid,0.0,,0.0,0.05,0.02,2,20,1.0,0,117366552,262144,8,0.2,0.025624,10230408.991570402,0,0.0,0,0,0,0.02488,0.0,gbn,True,
entry,entry_hybrid_h0.05_l0.02_n3_L0_t0,hybrid,0.0,,0.0,0.05,0.02,3,20,1.0,0,117366552,262144,8,0.2,0.026104,10042292.368985597,0,0.0,0,0,0,0.025359,0.0,gbn,True,
entry,entry_hybrid_h0.1_l0.02_n1_L0_t0,hybrid,0.0,,0.0,0.1,0.02,1,20,1.0,0,117366552,262144,8,0.2,0.023959,10941358.153512249,0,0.0,0,0,0,0.023218000000000003,0.0,gbn,True,
entry,entry_hybrid_h0.1_l0.02_n2_L0_t0,hybrid,0.0,,0.0,0.1,0.02,2,20,1.0,0,117366552,262144,8,0.2,0.026103,10042677.086924873,0,0.0,0,0,0,0.025426,0.0,gbn,True,
entry,entry_hybrid_h0.1_l0.02_n3_L0_t0,hybrid,0.0,,0.0,0.1,0.02,3,20,1.0,0,117366552,262144,8,0.2,0.02266,11568578.993821712,0,0.0,0,0,0,0.021855999999999997,0.0,gbn,True,
entry,entry_hybrid_h0.2_l0.02_n1_L0_t0,hybrid,0.0,,0.0,0.2,0.02,1,20,1.0,0,117366552,262144,8,0.2,0.045655,5741846.457124082,0,0.0,0,0,0,0.044222000000000004,0.0,gbn,True,
entry,entry_hybrid_h0.2_l0.02_n2_L0_t0,hybrid,0.0,,0.0,0.2,0.02,2,20,1.0,0,117366552,262144,8,0.2,0.060029,4366955.971280548,0,0.0,0,0,0,0.058861,0.0,gbn,True,
entry,entry_hybrid_h0.2_l0.02_n3_L0_t0,hybrid,0.0,,0.0,0.2,0.02,3,20,1.0,0,117366552,262144,8,0.2,0.066576,3937515.020427782,0,0.0,0,0,0,0.065342,0.0,gbn,True,
entry,entry_hybrid_h0.35_l0.02_n1_L0_t0,hybrid,0.0,,0.0,0.35,0.02,1,20,1.0,0,117366552,262144,8,0.2,0.052944,4951344.817165307,0,0.0,0,0,0,0.051715,0.0,gbn,True,
entry,entry_hybrid_h0.35_l0.02_n2_L0_t0,hybrid,0.0,,0.0,0.35,0.02,2,20,1.0,0,117366552,262144,8,0.2,0.049986,5244348.417556915,0,0.0,0,0,0,0.04871,0.0,gbn,True,
entry,entry_hybrid_h0.35_l0.02_n3_L0_t0,hybrid,0.0,,0.0,0.35,0.02,3,20,1.0,0,117366552,262144,8,0.2,0.051327,5107331.424006858,0,0.0,0,0,0,0.050148,0.0,gbn,True,
entry,entry_hybrid_h0.5_l0.02_n1_L0_t0,hybrid,0.0,,0.0,0.5,0.02,1,20,1.0,0,117366552,262144,8,0.2,0.06122,4281999.346618752,0,0.0,0,0,0,0.059442999999999996,0.0,gbn,True,
entry,entry_hybrid_h0.5_l0.02_n2_L0_t0,hybrid,0.0,,0.0,0.5,0.02,2,20,1.0,0,117366552,262144,8,0.2,0.06055,4329380.6771263415,0,0.0,0,0,0,0.059453,0.0,gbn,True,
entry,entry_hybrid_h0.5_l0.02_n3_L0_t0,hybrid,0.0,,0.0,0.5,0.02,3,20,1.0,0,117366552,262144,8,0.2,0.067468,3885456.8091539694,0,0.0,0,0,0,0.065341,0.0,gbn,True,
entry,entry_gbn_L0_t1,gbn,0.0,,0.0,,,,,,1,1052058246,262144,8,0.2,0.054967,4769116.015063584,0,0.0,0,0,0,0.052589,0.0,gbn,True,
entry,entry_sr_L0_t1,sr,0.0,,0.0,,,,,,1,1052058246,262144,8,0.2,0.054035,4851374.109373555,0,0.0,0,0,0,0.0,0.052722,sr,True,
entry,entry_hybrid_h0.05_l0.02_n1_L0_t1,hybrid,0.0,,0.0,0.05,0.02,1,20,1.0,1,1052058246,262144,8,0.2,0.042472,6172160.482200038,0,0.0,0,0,0,0.04139,0.0,gbn,True,
entry,entry_hybrid_h0.05_l0.02_n2_L0_t1,hybrid,0.0,,0.0,0.05,0.02,2,20,1.0,1,1052058246,262144,8,0.2,0.047166,5557901.878471781,0,0.0,0,0,0,0.045917,0.0,gbn,True,
entry,entry_hybrid_h0.05_l0.02_n3_L0_t1,hybrid,0.0,,0.0,0.05,0.02,3,20,1.0,1,1052058246,262144,8,0.2,0.050331,5208400.389422026,0,0.0,0,0,0,0.048802000000000005,0.0,gbn,True,
entry,entry_hybrid_h0.1_l0.02_n1_L0_t1,hybrid,0.0,,0.0,0.1,0.02,1,20,1.0,1,1052058246,262144,8,0.2,0.040082,6540192.605159423,0,0.0,0,0,0,0.038615000000000003,0.0,gbn,True,
entry,entry_hybrid_h0.1_l0.02_n2_L0_t1,hybrid,0.0,,0.0,0.1,0.02,2,20,1.0,1,1052058246,262144,8,0.2,0.045506,5760646.947655255,0,0.0,0,0,0,0.043509,0.0,gbn,True,
entry,entry_hybrid_h0.1_l0.02_n3_L0_t1,hybrid,0.0,,0.0,0.1,0.02,3,20,1.0,1,1052058246,262144,8,0.2,0.060259,4350287.923795615,0,0.0,0,0,0,0.057409999999999996,0.0,gbn,True,
entry,entry_hybrid_h0.2_l0.02_n1_L0_t1,hybrid,0.0,,0.0,0.2,0.02,1,20,1.0,1,1052058246,262144,8,0.2,0.048574,5396796.640177873,0,0.0,0,0,0,0.046370999999999996,0.0,gbn,True,
entry,entry_hybrid_h0.2_l0.02_n2_L0_t1,hybrid,0.0,,0.0,0.2,0.02,2,20,1.0,1,1052058246,262144,8,0.2,0.055507,4722719.656980201,0,0.0,0,0,0,0.053141,0.0,gbn,True,
entry,entry_hybrid_h0.2_l0.02_n3_L0_t1,hybrid,0.0,,0.0,0.2,0.02,3,20,1.0,1,1052058246,262144,8,0.2,0.050836,5156660.634196239,0,0.0,0,0,0,0.049971999999999996,0.0,gbn,True,
entry,entry_hybrid_h0.35_l0.02_n1_L0_t1,hybrid,0.0,,0.0,0.35,0.02,1,20,1.0,1,1052058246,262144,8,0.2,0.059195,4428482.1353154825,0,0.0,0,0,0,0.056742,0.0,gbn,True,
entry,entry_hybrid_h0.35_l0.02_n2_L0_t1,hybrid,0.0,,0.0,0.35,0.02,2,20,1.0,1,1052058246,262144,8,0.2,0.058169,4506592.858739191,0,0.0,0,0,0,0.055894,0.0,gbn,True,
entry,entry_hybrid_h0.35_l0.02_n3_L0_t1,hybrid,0.0,,0.0,0.35,0.02,3,20,1.0,1,1052058246,262144,8,0.2,0.048121,5447600.8395503005,0,0.0,0,0,0,0.045878999999999996,0.0,gbn,True,
entry,entry_hybrid_h0.5_l0.02_n1_L0_t1,hybrid,0.0,,0.0,0.5,0.02,1,20,1.0,1,1052058246,262144,8,0.2,0.053192,4928259.888705068,0,0.0,0,0,0,0.051979000000000004,0.0,gbn,True,
entry,entry_hybrid_h0.5_l0.02_n2_L0_t1,hybrid,0.0,,0.0,0.5,0.02,2,20,1.0,1,1052058246,262144,8,0.2,0.053298,4918458.478742166,0,0.0,0,0,0,0.0518,0.0,gbn,True,
entry,entry_hybrid_h0.5_l0.02_n3_L0_t1,hybrid,0.0,,0.0,0.5,0.02,3,20,1.0,1,1052058246,262144,8,0.2,0.042993,6097364.687274672,0,0.0,0,0,0,0.04160300000000001,0.0,gbn,True,
entry,entry_gbn_L0_t2,gbn,0.0,,0.0,,,,,,2,3508533428,262144,8,0.2,0.042262,6202829.965453599,0,0.0,0,0,0,0.041002000000000004,0.0,gbn,True,
entry,entry_sr_L0_t2,sr,0.0,,0.0,,,,,,2,3508533428,262144,8,0.2,0.047145,5560377.558595821,0,0.0,0,0,0,0.0,0.045741,sr,True,
entry,entry_hybrid_h0.05_l0.02_n1_L0_t2,hybrid,0.0,,0.0,0.05,0.02,1,20,1.0,2,3508533428,262144,8,0.2,0.052014,5039873.880109201,0,0.0,0,0,0,0.049891,0.0,gbn,True,
entry,entry_hybrid_h0.05_l0.02_n2_L0_t2,hybrid,0.0,,0.0,0.05,0.02,2,20,1.0,2,3508533428,262144,8,0.2,0.054382,4820418.5208340995,0,0.0,0,0,0,0.053063,0.0,gbn,True,
entry,entry_hybrid_h0.05_l0.02_n3_L0_t2,hybrid,0.0,,0.0,0.05,0.02,3,20,1.0,2,3508533428,262144,8,0.2,0.055995,4681560.8536476465,0,0.0,0,0,0,0.054586,0.0,gbn,True,
entry,entry_hybrid_h0.1_l0.02_n1_L0_t2,hybrid,0.0,,0.0,0.1,0.02,1,20,1.0,2,3508533428,262144,8,0.2,0.065541,3999694.847500038,0,0.0,0,0,0,0.06338300000000001,0.0,gbn,True,
entry,entry_hybrid_h0.1_l0.02_n2_L0_t2,hybrid,0.0,,0.0,0.1,0.02,2,20,1.0,2,3508533428,262144,8,0.2,0.048759,5376320.269078529,0,0.0,0,0,0,0.046582,0.0,gbn,True,
entry,entry_hybrid_h0.1_l0.02_n3_L0_t2,hybrid,0.0,,0.0,0.1,0.02,3,20,1.0,2,3508533428,262144,8,0.2,0.053899,4863615.280431919,0,0.0,0,0,0,0.051567,0.0,gbn,True,
entry,entry_hybrid_h0.2_l0.02_n1_L0_t2,hybrid,0.0,,0.0,0.2,0.02,1,20,1.0,2,3508533428,262144,8,0.2,0.04273,6134893.517435058,0,0.0,0,0,0,0.041802,0.0,gbn,True,
entry,entry_hybrid_h0.2_l0.02_n2_L0_t2,hybrid,0.0,,0.0,0.2,0.02,2,20,1.0,2,3508533428,262144,8,0.2,0.046253,5667610.749573001,0,0.0,0,0,0,0.044376000000000006,0.0,gbn,True,
entry,entry_hybrid_h0.2_l0.02_n3_L0_t2,hybrid,0.0,,0.0,0.2,0.02,3,20,1.0,2,3508533428,262144,8,0.2,0.045807,5722793.4595149215,0,0.0,0,0,0,0.044338,0.0,gbn,True,
entry,entry_hybrid_h0.35_l0.02_n1_L0_t2,hybrid,0.0,,0.0,0.35,0.02,1,20,1.0,2,3508533428,262144,8,0.2,0.047332,5538409.532662892,0,0.0,0,0,0,0.046264,0.0,gbn,True,
entry,entry_hybrid_h0.35_l0.02_n2_L0_t2,hybrid,0.0,,0.0,0.35,0.02,2,20,1.0,2,3508533428,262144,8,0.2,0.054728,4789942.99079082,0,0.0,0,0,0,0.053527,0.0,gbn,True,
entry,entry_hybrid_h0.35_l0.02_n3_L0_t2,hybrid,0.0,,0.0,0.35,0.02,3,20,1.0,2,3508533428,262144,8,0.2,0.049812,5262667.63028989,0,0.0,0,0,0,0.048568,0.0,gbn,True,
entry,entry_hybrid_h0.5_l0.02_n1_L0_t2,hybrid,0.0,,0.0,0.5,0.02,1,20,1.0,2,3508533428,262144,8,0.2,0.065956,3974528.4735278063,0,0.0,0,0,0,0.064176,0.0,gbn,True,
entry,entry_hybrid_h0.5_l0.02_n2_L0_t2,hybrid,0.0,,0.0,0.5,0.02,2,20,1.0,2,3508533428,262144,8,0.2,0.060851,4307965.358005621,0,0.0,0,0,0,0.058322,0.0,gbn,True,
entry,entry_hybrid_h0.5_l0.02_n3_L0_t2,hybrid,0.0,,0.0,0.5,0.02,3,20,1.0,2,3508533428,262144,8,0.2,0.053699,4881729.64114788,0,0.0,0,0,0,0.052232,0.0,gbn,True,
entry,entry_gbn_L0.01_t0,gbn,0.01,,0.0,,,,,,0,2583162397,262144,8,0.2,0.671697,390271.20859554235,24,0.08571428571428572,0,0,0,0.6690119999999999,0.0,gbn,True,
entry,entry_sr_L0.01_t0,sr,0.01,,0.0,,,,,,0,2583162397,262144,8,0.2,0.461901,567532.8695975977,3,0.011583011583011582,0,0,0,0.0,0.461132,sr,True,
entry,entry_hybrid_h0.05_l0.02_n1_L0.01_t0,hybrid,0.01,,0.0,0.05,0.02,1,20,1.0,0,2583162397,262144,8,0.2,0.715425,366417.16462242726,24,0.08571428571428572,0,0,0,0.714067,0.0,gbn,True,
entry,entry_hybrid_h0.05_l0.02_n2_L0.01_t0,hybrid,0.01,,0.0,0.05,0.02,2,20,1.0,0,2583162397,262144,8,0.2,0.681324,384756.73835062317,24,0.08571428571428572,0,0,0,0.6798810000000001,0.0,gbn,True,
entry,entry_hybrid_h0.05_l0.02_n3_L0.01_t0,hybrid,0.01,,0.0,0.05,0.02,3,20,1.0,0,2583162397,262144,8,0.2,0.686257,381991.00337045745,24,0.08571428571428572,0,0,0,0.6846949999999999,0.0,gbn,True,
entry,entry_hybrid_h0.1_l0.02_n1_L0.01_t0,hybrid,0.01,,0.0,0.1,0.02,1,20,1.0,0,2583162397,262144,8,0.2,0.684619,382904.9442098452,24,0.08571428571428572,0,0,0,0.6833049999999999,0.0,gbn,True,
entry,entry_hybrid_h0.1_l0.02_n2_L0.01_t0,hybrid,0.01,,0.0,0.1,0.02,2,20,1.0,0,2583162397,262144,8,0.2,0.702919,372936.2842660392,24,0.08571428571428572,0,0,0,0.7015469999999999,0.0,gbn,True,
entry,entry_hybrid_h0.1_l0.02_n3_L0.01_t0,hybrid,0.01,,0.0,0.1,0.02,3,20,1.0,0,2583162397,262144,8,0.2,0.70101,373951.86944551434,24,0.08571428571428572,0,0,0,0.699591,0.0,gbn,True,
entry,entry_hybrid_h0.2_l0.02_n1_L0.01_t0,hybrid,0.01,,0.0,0.2,0.02,1,20,1.0,0,2583162397,262144,8,0.2,0.672599,389747.8289441406,24,0.08571428571428572,0,0,0,0.671215,0.0,gbn,True,
entry,entry_hybrid_h0.2_l0.02_n2_L0.01_t0,hybrid,0.01,,0.0,0.2,0.02,2,20,1.0,0,2583162397,262144,8,0.2,0.679915,385554.0766125177,24,0.08571428571428572,0,0,0,0.678535,0.0,gbn,True,
entry,entry_hybrid_h0.2_l0.02_n3_L0.01_t0,hybrid,0.01,,0.0,0.2,0.02,3,20,1.0,0,2583162397,262144,8,0.2,0.690872,379439.3172686112,24,0.08571428571428572,0,0,0,0.6897380000000001,0.0,gbn,True,
entry,entry_hybrid_h0.35_l0.02_n1_L0.01_t0,hybrid,0.01,,0.0,0.35,0.02,1,20,1.0,0,2583162397,262144,8,0.2,0.698041,375542.4108326015,24,0.08571428571428572,0,0,0,0.695523,0.0,gbn,True,
entry,entry_hybrid_h0.35_l0.02_n2_L0.01_t0,hybrid,0.01,,0.0,0.35,0.02,2,20,1.0,0,2583162397,262144,8,0.2,0.695266,377041.30505446834,24,0.08571428571428572,0,0,0,0.693976,0.0,gbn,True,
entry,entry_hybrid_h0.35_l0.02_n3_L0.01_t0,hybrid,0.01,,0.0,0.35,0.02,3,20,1.0,0,2583162397,262144,8,0.2,0.676654,387412.17815900006,24,0.08571428571428572,0,0,0,0.674747,0.0,gbn,True,
entry,entry_hybrid_h0.5_l0.02_n1_L0.01_t0,hybrid,0.01,,0.0,0.5,0.02,1,20,1.0,0,2583162397,262144,8,0.2,0.688993,380474.1122188469,24,0.08571428571428572,0,0,0,0.68684,0.0,gbn,True,
entry,entry_hybrid_h0.5_l0.02_n2_L0.01_t0,hybrid,0.01,,0.0,0.5,0.02,2,20,1.0,0,2583162397,262144,8,0.2,0.664767,394339.67089220736,24,0.08571428571428572,0,0,0,0.6636799999999999,0.0,gbn,True,
entry,entry_hybrid_h0.5_l0.02_n3_L0.01_t0,hybrid,0.01,,0.0,0.5,0.02,3,20,1.0,0,2583162397,262144,8,0.2,0.673148,389429.961910308,24,0.08571428571428572,0,0,0,0.671882,0.0,gbn,True,
entry,entry_gbn_L0.01_t1,gbn,0.01,,0.0,,,,,,1,2670291032,262144,8,0.2,0.692223,378698.77192754357,17,0.06227106227106227,0,0,0,0.690249,0.0,gbn,True,
entry,entry_sr_L0.01_t1,sr,0.01,,0.0,,,,,,1,2670291032,262144,8,0.2,0.467591,560626.7015404488,2,0.007751937984496124,0,0,0,0.0,0.46583,sr,True,
entry,entry_hybrid_h0.05_l0.02_n1_L0.01_t1,hybrid,0.01,,0.0,0.05,0.02,1,20,1.0,1,2670291032,262144,8,0.2,0.7105,368957.07248416607,17,0.06227106227106227,0,0,0,0.709403,0.0,gbn,True,
entry,entry_hybrid_h0.05_l0.02_n2_L0.01_t1,hybrid,0.01,,0.0,0.05,0.02,2,20,1.0,1,2670291032,262144,8,0.2,0.698556,375265.5477871495,17,0.06227106227106227,0,0,0,0.6958789999999999,0.0,gbn,True,
entry,entry_hybrid_h0.05_l0.02_n3_L0.01_t1,hybrid,0.01,,0.0,0.05,0.02,3,20,1.0,1,2670291032,262144,8,0.2,0.677882,386710.37142157485,17,0.06227106227106227,0,0,0,0.675668,0.0,gbn,True,
entry,entry_hybrid_h0.1_l0.02_n1_L0.01_t1,hybrid,0.01,,0.0,0.1,0.02,1,20,1.0,1,2670291032,262144,8,0.2,0.682516,384084.7687087189,17,0.06227106227106227,0,0,0,0.6800090000000001,0.0,gbn,True,
entry,entry_hybrid_h0.1_l0.02_n2_L0.01_t1,hybrid,0.01,,0.0,0.1,0.02,2,20,1.0,1,2670291032,262144,8,0.2,0.679345,385877.57325070474,17,0.06227106227106227,0,0,0,0.6780649999999999,0.0,gbn,True,
entry,entry_hybrid_h0.1_l0.02_n3_L0.01_t1,hybrid,0.01,,0.0,0.1,0.02,3,20,1.0,1,2670291032,262144,8,0.2,0.669158,391752.02269120293,17,0.06227106227106227,0,0,0,0.66799,0.0,gbn,True,
entry,entry_hybrid_h0.2_l0.02_n1_L0.01_t1,hybrid,0.01,,0.0,0.2,0.02,1,20,1.0,1,2670291032,262144,8,0.2,0.65965,397398.6204805579,17,0.06227106227106227,0,0,0,0.657909,0.0,gbn,True,
entry,entry_hybrid_h0.2_l0.02_n2_L0.01_t1,hybrid,0.01,,0.0,0.2,0.02,2,20,1.0,1,2670291032,262144,8,0.2,0.693454,378026.5165389485,17,0.06227106227106227,0,0,0,0.692313,0.0,gbn,True,
entry,entry_hybrid_h0.2_l0.02_n3_L0.01_t1,hybrid,0.01,,0.0,0.2,0.02,3,20,1.0,1,2670291032,262144,8,0.2,0.717762,365224.1272176571,17,0.06227106227106227,0,0,0,0.71528,0.0,gbn,True,
entry,entry_hybrid_h0.35_l0.02_n1_L0.01_t1,hybrid,0.01,,0.0,0.35,0.02,1,20,1.0,1,2670291032,262144,8,0.2,0.692558,378515.5900300047,17,0.06227106227106227,0,0,0,0.690072,0.0,gbn,True,
entry,entry_hybrid_h0.35_l0.02_n2_L0.01_t1,hybrid,0.01,,0.0,0.35,0.02,2,20,1.0,1,2670291032,262144,8,0.2,0.692288,378663.21530923544,17,0.06227106227106227,0,0,0,0.690084,0.0,gbn,True,
entry,entry_hybrid_h0.35_l0.02_n3_L0.01_t1,hybrid,0.01,,0.0,0.35,0.02,3,20,1.0,1,2670291032,262144,8,0.2,0.689502,380193.2409188081,17,0.06227106227106227,0,0,0,0.6883179999999999,0.0,gbn,True,
entry,entry_hybrid_h0.5_l0.02_n1_L0.01_t1,hybrid,0.01,,0.0,0.5,0.02,1,20,1.0,1,2670291032,262144,8,0.2,0.683169,383717.64526786195,17,0.06227106227106227,0,0,0,0.681651,0.0,gbn,True,
entry,entry_hybrid_h0.5_l0.02_n2_L0.01_t1,hybrid,0.01,,0.0,0.5,0.02,2,20,1.0,1,2670291032,262144,8,0.2,0.696108,376585.2425198389,17,0.06227106227106227,0,0,0,0.693504,0.0,gbn,True,
entry,entry_hybrid_h0.5_l0.02_n3_L0.01_t1,hybrid,0.01,,0.0,0.5,0.02,3,20,1.0,1,2670291032,262144,8,0.2,0.691167,379277.36711966863,17,0.06227106227106227,0,0,0,0.688885,0.0,gbn,True,
entry,entry_gbn_L0.01_t2,gbn,0.01,,0.0,,,,,,2,2821695095,262144,8,0.2,0.70791,370306.95992428414,24,0.08571428571428572,0,0,0,0.7053250000000001,0.0,gbn,True,
entry,entry_sr_L0.01_t2,sr,0.01,,0.0,,,,,,2,2821695095,262144,8,0.2,0.674815,388467.95047531545,3,0.011583011583011582,0,0,0,0.0,0.6736800000000001,sr,True,
entry,entry_hybrid_h0.05_l0.02_n1_L0.01_t2,hybrid,0.01,,0.0,0.05,0.02,1,20,1.0,2,2821695095,262144,8,0.2,0.685031,382674.65267995175,24,0.08571428571428572,0,0,0,0.683809,0.0,gbn,True,
entry,entry_hybrid_h0.05_l0.02_n2_L0.01_t2,hybrid,0.01,,0.0,0.05,0.02,2,20,1.0,2,2821695095,262144,8,0.2,0.676831,387310.8648983277,24,0.08571428571428572,0,0,0,0.6758419999999999,0.0,gbn,True,
entry,entry_hybrid_h0.05_l0.02_n3_L0.01_t2,hybrid,0.01,,0.0,0.05,0.02,3,20,1.0,2,2821695095,262144,8,0.2,0.697549,375807.29095733777,24,0.08571428571428572,0,0,0,0.6960799999999999,0.0,gbn,True,
entry,entry_hybrid_h0.1_l0.02_n1_L0.01_t2,hybrid,0.01,,0.0,0.1,0.02,1,20,1.0,2,2821695095,262144,8,0.2,0.679572,385748.67710853304,24,0.08571428571428572,0,0,0,0.67819,0.0,gbn,True,
entry,entry_hybrid_h0.1_l0.02_n2_L0.01_t2,hybrid,0.01,,0.0,0.1,0.02,2,20,1.0,2,2821695095,262144,8,0.2,0.697953,375589.76034202875,24,0.08571428571428572,0,0,0,0.6968580000000001,0.0,gbn,True,
entry,entry_hybrid_h0.1_l0.02_n3_L0.01_t2,hybrid,0.01,,0.0,0.1,0.02,3,20,1.0,2,2821695095,262144,8,0.2,0.690864,379443.71106324834,24,0.08571428571428572,0,0,0,0.688455,0.0,gbn,True,
entry,entry_hybrid_h0.2_l0.02_n1_L0.01_t2,hybrid,0.01,,0.0,0.2,0.02,1,20,1.0,2,2821695095,262144,8,0.2,0.724457,361848.9434155512,24,0.08571428571428572,0,0,0,0.722742,0.0,gbn,True,
entry,entry_hybrid_h0.2_l0.02_n2_L0.01_t2,hybrid,0.01,,0.0,0.2,0.02,2,20,1.0,2,2821695095,262144,8,0.2,0.706698,370942.0431358232,24,0.08571428571428572,0,0,0,0.704465,0.0,gbn,True,
entry,entry_hybrid_h0.2_l0.02_n3_L0.01_t2,hybrid,0.01,,0.0,0.2,0.02,3,20,1.0,2,2821695095,262144,8,0.2,0.683507,383527.8936426401,24,0.08571428571428572,0,0,0,0.681134,0.0,gbn,True,
entry,entry_hybrid_h0.35_l0.02_n1_L0.01_t2,hybrid,0.01,,0.0,0.35,0.02,1,20,1.0,2,2821695095,262144,8,0.2,0.703994,372366.80994440295,24,0.08571428571428572,0,0,0,0.70168,0.0,gbn,True,
entry,entry_hybrid_h0.35_l0.02_n2_L0.01_t2,hybrid,0.01,,0.0,0.35,0.02,2,20,1.0,2,2821695095,262144,8,0.2,0.679657,385700.4341895986,24,0.08571428571428572,0,0,0,0.6783509999999999,0.0,gbn,True,
entry,entry_hybrid_h0.35_l0.02_n3_L0.01_t2,hybrid,0.01,,0.0,0.35,0.02,3,20,1.0,2,2821695095,262144,8,0.2,0.701078,373915.5985496621,24,0.08571428571428572,0,0,0,0.698643,0.0,gbn,True,
entry,entry_hybrid_h0.5_l0.02_n1_L0.01_t2,hybrid,0.01,,0.0,0.5,0.02,1,20,1.0,2,2821695095,262144,8,0.2,0.696301,376480.8610069496,24,0.08571428571428572,0,0,0,0.694528,0.0,gbn,True,
entry,entry_hybrid_h0.5_l0.02_n2_L0.01_t2,hybrid,0.01,,0.0,0.5,0.02,2,20,1.0,2,2821695095,262144,8,0.2,0.709368,369545.84926300595,24,0.08571428571428572,0,0,0,0.706793,0.0,gbn,True,
entry,entry_hybrid_h0.5_l0.02_n3_L0.01_t2,hybrid,0.01,,0.0,0.5,0.02,3,20,1.0,2,2821695095,262144,8,0.2,0.69913,374957.44711284025,24,0.08571428571428572,0,0,0,0.6969,0.0,gbn,True,
entry,entry_gbn_L0.02_t0,gbn,0.02,,0.0,,,,,,0,2129267529,262144,8,0.2,1.327018,197543.6655719817,45,0.14950166112956811,0,0,0,1.3259370000000001,0.0,gbn,True,
entry,entry_sr_L0.02_t0,sr,0.02,,0.0,,,,,,0,2129267529,262144,8,0.2,1.096802,239007.58751351657,8,0.030303030303030304,0,0,0,0.0,1.0943140000000002,sr,True,
entry,entry_hybrid_h0.05_l0.02_n1_L0.02_t0,hybrid,0.02,,0.0,0.05,0.02,1,20,1.0,0,2129267529,262144,8,0.2,1.291553,202968.054737204,41,0.13804713804713806,1,1,0,1.0650039999999998,0.224526,sr,True,
entry,entry_hybrid_h0.05_l0.02_n2_L0.02_t0,hybrid,0.02,,0.0,0.05,0.02,2,20,1.0,0,2129267529,262144,8,0.2,1.326949,197553.93764191392,41,0.13804713804713806,1,1,0,1.099939,0.22570599999999996,sr,True,
entry,entry_hybrid_h0.05_l0.02_n3_L0.02_t0,hybrid,0.02,,0.0,0.05,0.02,3,20,1.0,0,2129267529,262144,8,0.2,1.306932,200579.67820820058,41,0.13804713804713806,1,1,0,1.09034,0.21497900000000003,sr,True,
entry,entry_hybrid_h0.1_l0.02_n1_L0.02_t0,hybrid,0.02,,0.0,0.1,0.02,1,20,1.0,0,2129267529,262144,8,0.2,1.315011,199347.38188501846,41,0.13804713804713806,1,1,0,1.0856270000000001,0.2270399999999999,sr,True,
entry,entry_hybrid_h0.1_l0.02_n2_L0.02_t0,hybrid,0.02,,0.0,0.1,0.02,2,20,1.0,0,2129267529,262144,8,0.2,1.338561,195840.15969388024,41,0.13804713804713806,1,1,0,1.104951,0.23219099999999981,sr,True,
entry,entry_hybrid_h0.1_l0.02_n3_L0.02_t0,hybrid,0.02,,0.0,0.1,0.02,3,20,1.0,0,2129267529,262144,8,0.2,1.31616,199173.35278385607,41,0.13804713804713806,1,1,0,1.089098,0.22589900000000007,sr,True,
entry,entry_hybrid_h0.2_l0.02_n1_L0.02_t0,hybrid,0.02,,0.0,0.2,0.02,1,20,1.0,0,2129267529,262144,8,0.2,1.335737,196254.20273601764,41,0.13804713804713806,1,1,0,1.099749,0.2346189999999999,sr,True,
entry,entry_hybrid_h0.2_l0.02_n2_L0.02_t0,hybrid,0.02,,0.0,0.2,0.02,2,20,1.0,0,2129267529,262144,8,0.2,1.318715,198787.45597039541,41,0.13804713804713806,1,1,0,1.097655,0.21970800000000001,sr,True,
entry,entry_hybrid_h0.2_l0.02_n3_L0.02_t0,hybrid,0.02,,0.0,0.2,0.02,3,20,1.0,0,2129267529,262144,8,0.2,1.348254,194432.20639434407,41,0.13804713804713806,1,1,0,1.1212410000000002,0.22572400000000004,sr,True,
entry,entry_hybrid_h0.35_l0.02_n1_L0.02_t0,hybrid,0.02,,0.0,0.35,0.02,1,20,1.0,0,2129267529,262144,8,0.2,1.311928,199815.84355239008,41,0.13804713804713806,1,1,0,1.084913,0.22519599999999995,sr,True,
entry,entry_hybrid_h0.35_l0.02_n2_L0.02_t0,hybrid,0.02,,0.0,0.35,0.02,2,20,1.0,0,2129267529,262144,8,0.2,1.330761,196988.03917457754,41,0.13804713804713806,1,1,0,1.111223,0.217584,sr,True,
entry,entry_hybrid_h0.35_l0.02_n3_L0.02_t0,hybrid,0.02,,0.0,0.35,0.02,3,20,1.0,0,2129267529,262144,8,0.2,1.339793,195660.07584753764,45,0.14950166112956811,0,0,0,1.337758,0.0,gbn,True,
entry,entry_hybrid_h0.5_l0.02_n1_L0.02_t0,hybrid,0.02,,0.0,0.5,0.02,1,20,1.0,0,2129267529,262144,8,0.2,1.324654,197896.20534871749,41,0.13804713804713806,1,1,0,1.0859189999999999,0.23695599999999994,sr,True,
entry,entry_hybrid_h0.5_l0.02_n2_L0.02_t0,hybrid,0.02,,0.0,0.5,0.02,2,20,1.0,0,2129267529,262144,8,0.2,1.300631,201551.40082006349,41,0.13804713804713806,1,1,0,1.078919,0.22036200000000017,sr,True,
entry,entry_hybrid_h0.5_l0.02_n3_L0.02_t0,hybrid,0.02,,0.0,0.5,0.02,3,20,1.0,0,2129267529,262144,8,0.2,1.312456,199735.45779820427,45,0.14950166112956811,0,0,0,1.311268,0.0,gbn,True,
entry,entry_gbn_L0.02_t1,gbn,0.02,,0.0,,,,,,1,2251894886,262144,8,0.2,0.911181,287696.9559286245,32,0.1111111111111111,0,0,0,0.9089430000000001,0.0,gbn,True,
entry,entry_sr_L0.02_t1,sr,0.02,,0.0,,,,,,1,2251894886,262144,8,0.2,0.671473,390401.40109877835,4,0.015384615384615385,0,0,0,0.0,0.669856,sr,True,
entry,entry_hybrid_h0.05_l0.02_n1_L0.02_t1,hybrid,0.02,,0.0,0.05,0.02,1,20,1.0,1,2251894886,262144,8,0.2,0.91273,287208.7035596507,32,0.1111111111111111,0,0,0,0.911655,0.0,gbn,True,
entry,entry_hybrid_h0.05_l0.02_n2_L0.02_t1,hybrid,0.02,,0.0,0.05,0.02,2,20,1.0,1,2251894886,262144,8,0.2,0.947317,276722.5754420115,32,0.1111111111111111,0,0,0,0.944775,0.0,gbn,True,
entry,entry_hybrid_h0.05_l0.02_n3_L0.02_t1,hybrid,0.02,,0.0,0.05,0.02,3,20,1.0,1,2251894886,262144,8,0.2,0.89179,293952.6121620561,32,0.1111111111111111,0,0,0,0.890087,0.0,gbn,True,
entry,entry_hybrid_h0.1_l0.02_n1_L0.02_t1,hybrid,0.02,,0.0,0.1,0.02,1,20,1.0,1,2251894886,262144,8,0.2,0.901149,290899.7291235967,32,0.1111111111111111,0,0,0,0.898901,0.0,gbn,True,
entry,entry_hybrid_h0.1_l0.02_n2_L0.02_t1,hybrid,0.02,,0.0,0.1,0.02,2,20,1.0,1,2251894886,262144,8,0.2,0.876986,298914.69191070326,32,0.1111111111111111,0,0,0,0.8757630000000001,0.0,gbn,True,
entry,entry_hybrid_h0.1_l0.02_n3_L0.02_t1,hybrid,0.02,,0.0,0.1,0.02,3,20,1.0,1,2251894886,262144,8,0.2,0.874014,299931.1223847673,32,0.1111111111111111,0,0,0,0.8729009999999999,0.0,gbn,True,
entry,entry_hybrid_h0.2_l0.02_n1_L0.02_t1,hybrid,0.02,,0.0,0.2,0.02,1,20,1.0,1,2251894886,262144,8,0.2,0.946882,276849.7024972489,32,0.1111111111111111,0,0,0,0.9461339999999999,0.0,gbn,True,
entry,entry_hybrid_h0.2_l0.02_n2_L0.02_t1,hybrid,0.02,,0.0,0.2,0.02,2,20,1.0,1,2251894886,262144,8,0.2,0.89589,292607.35134893795,32,0.1111111111111111,0,0,0,0.8935169999999999,0.0,gbn,True,
entry,entry_hybrid_h0.2_l0.02_n3_L0.02_t1,hybrid,0.02,,0.0,0.2,0.02,3,20,1.0,1,2251894886,262144,8,0.2,0.930038,281863.75180368975,32,0.1111111111111111,0,0,0,0.9280769999999999,0.0,gbn,True,
entry,entry_hybrid_h0.35_l0.02_n1_L0.02_t1,hybrid,0.02,,0.0,0.35,0.02,1,20,1.0,1,2251894886,262144,8,0.2,0.926792,282850.95253303874,32,0.1111111111111111,0,0,0,0.9255329999999999,0.0,gbn,True,
entry,entry_hybrid_h0.35_l0.02_n2_L0.02_t1,hybrid,0.02,,0.0,0.35,0.02,2,20,1.0,1,2251894886,262144,8,0.2,0.912403,287311.637511056,32,0.1111111111111111,0,0,0,0.911079,0.0,gbn,True,
entry,entry_hybrid_h0.35_l0.02_n3_L0.02_t1,hybrid,0.02,,0.0,0.35,0.02,3,20,1.0,1,2251894886,262144,8,0.2,0.90514,289617.0758114767,32,0.1111111111111111,0,0,0,0.903588,0.0,gbn,True,
entry,entry_hybrid_h0.5_l0.02_n1_L0.02_t1,hybrid,0.02,,0.0,0.5,0.02,1,20,1.0,1,2251894886,262144,8,0.2,0.904625,289781.95384827966,32,0.1111111111111111,0,0,0,0.902382,0.0,gbn,True,
entry,entry_hybrid_h0.5_l0.02_n2_L0.02_t1,hybrid,0.02,,0.0,0.5,0.02,2,20,1.0,1,2251894886,262144,8,0.2,0.902073,290601.7583942763,32,0.1111111111111111,0,0,0,0.899743,0.0,gbn,True,
entry,entry_hybrid_h0.5_l0.02_n3_L0.02_t1,hybrid,0.02,,0.0,0.5,0.02,3,20,1.0,1,2251894886,262144,8,0.2,0.930474,281731.6765433532,32,0.1111111111111111,0,0,0,0.929192,0.0,gbn,True,
entry,entry_gbn_L0.02_t2,gbn,0.02,,0.0,,,,,,2,1457806780,262144,8,0.2,0.468195,559903.4590288235,16,0.058823529411764705,0,0,0,0.465979,0.0,gbn,True,
entry,entry_sr_L0.02_t2,sr,0.02,,0.0,,,,,,2,1457806780,262144,8,0.2,0.485176,540307.0226062295,3,0.011583011583011582,0,0,0,0.0,0.48300899999999997,sr,True,
entry,entry_hybrid_h0.05_l0.02_n1_L0.02_t2,hybrid,0.02,,0.0,0.05,0.02,1,20,1.0,2,1457806780,262144,8,0.2,0.476754,549851.705491721,16,0.058823529411764705,0,0,0,0.474646,0.0,gbn,True,
entry,entry_hybrid_h0.05_l0.02_n2_L0.02_t2,hybrid,0.02,,0.0,0.05,0.02,2,20,1.0,2,1457806780,262144,8,0.2,0.475045,551829.8266480018,16,0.058823529411764705,0,0,0,0.472792,0.0,gbn,True,
entry,entry_hybrid_h0.05_l0.02_n3_L0.02_t2,hybrid,0.02,,0.0,0.05,0.02,3,20,1.0,2,1457806780,262144,8,0.2,0.459012,571104.8948611366,16,0.058823529411764705,0,0,0,0.45705999999999997,0.0,gbn,True,
entry,entry_hybrid_h0.1_l0.02_n1_L0.02_t2,hybrid,0.02,,0.0,0.1,0.02,1,20,1.0,2,1457806780,262144,8,0.2,0.494351,530279.0931949161,16,0.058823529411764705,0,0,0,0.491737,0.0,gbn,True,
entry,entry_hybrid_h0.1_l0.02_n2_L0.02_t2,hybrid,0.02,,0.0,0.1,0.02,2,20,1.0,2,1457806780,262144,8,0.2,0.486583,538744.6745981672,16,0.058823529411764705,0,0,0,0.484239,0.0,gbn,True,
entry,entry_hybrid_h0.1_l0.02_n3_L0.02_t2,hybrid,0.02,,0.0,0.1,0.02,3,20,1.0,2,1457806780,262144,8,0.2,0.452704,579062.6988054004,16,0.058823529411764705,0,0,0,0.45175499999999996,0.0,gbn,True,
entry,entry_hybrid_h0.2_l0.02_n1_L0.02_t2,hybrid,0.02,,0.0,0.2,0.02,1,20,1.0,2,1457806780,262144,8,0.2,0.462396,566925.3194231784,16,0.058823529411764705,0,0,0,0.4612939999999999,0.0,gbn,True,
entry,entry_hybrid_h0.2_l0.02_n2_L0.02_t2,hybrid,0.02,,0.0,0.2,0.02,2,20,1.0,2,1457806780,262144,8,0.2,0.46006,569803.9386167021,16,0.058823529411764705,0,0,0,0.45770900000000003,0.0,gbn,True,
entry,entry_hybrid_h0.2_l0.02_n3_L0.02_t2,hybrid,0.02,,0.0,0.2,0.02,3,20,1.0,2,1457806780,262144,8,0.2,0.474447,552525.3611046124,16,0.058823529411764705,0,0,0,0.472068,0.0,gbn,True,
entry,entry_hybrid_h0.35_l0.02_n1_L0.02_t2,hybrid,0.02,,0.0,0.35,0.02,1,20,1.0,2,1457806780,262144,8,0.2,0.485986,539406.4849604721,16,0.058823529411764705,0,0,0,0.483432,0.0,gbn,True,
entry,entry_hybrid_h0.35_l0.02_n2_L0.02_t2,hybrid,0.02,,0.0,0.35,0.02,2,20,1.0,2,1457806780,262144,8,0.2,0.470558,557091.7931477098,16,0.058823529411764705,0,0,0,0.46951299999999996,0.0,gbn,True,
entry,entry_hybrid_h0.35_l0.02_n3_L0.02_t2,hybrid,0.02,,0.0,0.35,0.02,3,20,1.0,2,1457806780,262144,8,0.2,0.491824,533003.6761117799,16,0.058823529411764705,0,0,0,0.48948099999999994,0.0,gbn,True,
entry,entry_hybrid_h0.5_l0.02_n1_L0.02_t2,hybrid,0.02,,0.0,0.5,0.02,1,20,1.0,2,1457806780,262144,8,0.2,0.473346,553810.5318308383,16,0.058823529411764705,0,0,0,0.471681,0.0,gbn,True,
entry,entry_hybrid_h0.5_l0.02_n2_L0.02_t2,hybrid,0.02,,0.0,0.5,0.02,2,20,1.0,2,1457806780,262144,8,0.2,0.469656,558161.7183640793,16,0.058823529411764705,0,0,0,0.467916,0.0,gbn,True,
entry,entry_hybrid_h0.5_l0.02_n3_L0.02_t2,hybrid,0.02,,0.0,0.5,0.02,3,20,1.0,2,1457806780,262144,8,0.2,0.475634,551146.4697645669,16,0.058823529411764705,0,0,0,0.47330700000000003,0.0,gbn,True,
entry,entry_gbn_L0.05_t0,gbn,0.05,,0.0,,,,,,0,2360410654,262144,8,0.2,3.786019,69240.01173792314,144,0.36,0,0,0,3.784483,0.0,gbn,True,
entry,entry_sr_L0.05_t0,sr,0.05,,0.0,,,,,,0,2360410654,262144,8,0.2,2.570806,101969.57685644113,16,0.058823529411764705,0,0,0,0.0,2.568464,sr,True,
entry,entry_hybrid_h0.05_l0.02_n1_L0.05_t0,hybrid,0.05,,0.0,0.05,0.02,1,20,1.0,0,2360410654,262144,8,0.2,3.158708,82990.89374516417,51,0.16612377850162866,1,1,0,1.046313,2.1111129999999996,sr,True,
entry,entry_hybrid_h0.05_l0.02_n2_L0.05_t0,hybrid,0.05,,0.0,0.05,0.02,2,20,1.0,0,2360410654,262144,8,0.2,3.555925,73720.3399959223,60,0.189873417721519,1,1,0,1.2682740000000001,2.2852449999999997,sr,True,
entry,entry_hybrid_h0.05_l0.02_n3_L0.05_t0,hybrid,0.05,,0.0,0.05,0.02,3,20,1.0,0,2360410654,262144,8,0.2,3.574956,73327.89550416845,60,0.189873417721519,1,1,0,1.489508,2.0839719999999997,sr,True,
entry,entry_hybrid_h0.1_l0.02_n1_L0.05_t0,hybrid,0.05,,0.0,0.1,0.02,1,20,1.0,0,2360410654,262144,8,0.2,3.167885,82750.47863164224,51,0.16612377850162866,1,1,0,1.0533320000000002,2.113369,sr,True,
entry,entry_hybrid_h0.1_l0.02_n2_L0.05_t0,hybrid,0.05,,0.0,0.1,0.02,2,20,1.0,0,2360410654,262144,8,0.2,3.568681,73456.83180984795,60,0.189873417721519,1,1,0,1.265752,2.300727,sr,True,
entry,entry_hybrid_h0.1_l0.02_n3_L0.05_t0,hybrid,0.05,,0.0,0.1,0.02,3,20,1.0,0,2360410654,262144,8,0.2,3.600289,72811.93259763313,60,0.189873417721519,1,1,0,1.515274,2.0835060000000003,sr,True,
entry,entry_hybrid_h0.2_l0.02_n1_L0.05_t0,hybrid,0.05,,0.0,0.2,0.02,1,20,1.0,0,2360410654,262144,8,0.2,3.188001,82228.33054318365,51,0.16612377850162866,1,1,0,1.088866,2.097733,sr,True,
entry,entry_hybrid_h0.2_l0.02_n2_L0.05_t0,hybrid,0.05,,0.0,0.2,0.02,2,20,1.0,0,2360410654,262144,8,0.2,3.573766,73352.31237859446,60,0.189873417721519,1,1,0,1.2729369999999998,2.299711,sr,True,
entry,entry_hybrid_h0.2_l0.02_n3_L0.05_t0,hybrid,0.05,,0.0,0.2,0.02,3,20,1.0,0,2360410654,262144,8,0.2,3.56908,73448.61981238863,60,0.189873417721519,1,1,0,1.4844469999999998,2.083482,sr,True,
entry,entry_hybrid_h0.35_l0.02_n1_L0.05_t0,hybrid,0.05,,0.0,0.35,0.02,1,20,1.0,0,2360410654,262144,8,0.2,3.132395,83688.04062067524,51,0.16612377850162866,1,1,0,1.055211,2.074778,sr,True,
entry,entry_hybrid_h0.35_l0.02_n2_L0.05_t0,hybrid,0.05,,0.0,0.35,0.02,2,20,1.0,0,2360410654,262144,8,0.2,3.580792,73208.38518405984,60,0.189873417721519,1,1,0,1.2811460000000001,2.298274,sr,True,
entry,entry_hybrid_h0.35_l0.02_n3_L0.05_t0,hybrid,0.05,,0.0,0.35,0.02,3,20,1.0,0,2360410654,262144,8,0.2,3.594513,72928.93362744828,60,0.189873417721519,1,1,0,1.499614,2.093737,sr,True,
entry,entry_hybrid_h0.5_l0.02_n1_L0.05_t0,hybrid,0.05,,0.0,0.5,0.02,1,20,1.0,0,2360410654,262144,8,0.2,3.581008,73203.96938515635,60,0.189873417721519,1,1,0,1.2799239999999998,2.298538,sr,True,
entry,entry_hybrid_h0.5_l0.02_n2_L0.05_t0,hybrid,0.05,,0.0,0.5,0.02,2,20,1.0,0,2360410654,262144,8,0.2,3.798311,69015.93892653867,130,0.33678756476683935,1,1,0,3.379847,0.41613200000000017,sr,True,
entry,entry_hybrid_h0.5_l0.02_n3_L0.05_t0,hybrid,0.05,,0.0,0.5,0.02,3,20,1.0,0,2360410654,262144,8,0.2,3.810158,68801.3462958754,144,0.36,0,0,0,3.807485,0.0,gbn,True,
entry,entry_gbn_L0.05_t1,gbn,0.05,,0.0,,,,,,1,3600293605,262144,8,0.2,2.560192,102392.32057595681,93,0.2664756446991404,0,0,0,2.5588569999999997,0.0,gbn,True,
entry,entry_sr_L0.05_t1,sr,0.05,,0.0,,,,,,1,3600293605,262144,8,0.2,2.152617,121779.21107191851,12,0.04477611940298507,0,0,0,0.0,2.1504239999999997,sr,True,
entry,entry_hybrid_h0.05_l0.02_n1_L0.05_t1,hybrid,0.05,,0.0,0.05,0.02,1,20,1.0,1,3600293605,262144,8,0.2,2.381501,110075.11649165799,51,0.16612377850162866,1,1,0,1.495175,0.8851990000000001,sr,True,
entry,entry_hybrid_h0.05_l0.02_n2_L0.05_t1,hybrid,0.05,,0.0,0.05,0.02,2,20,1.0,1,3600293605,262144,8,0.2,2.340067,112024.14289847256,60,0.189873417721519,1,1,0,1.4838550000000001,0.8550209999999998,sr,True,
entry,entry_hybrid_h0.05_l0.02_n3_L0.05_t1,hybrid,0.05,,0.0,0.05,0.02,3,20,1.0,1,3600293605,262144,8,0.2,2.372023,110514.94863245424,60,0.189873417721519,1,1,0,1.5115939999999999,0.859283,sr,True,
entry,entry_hybrid_h0.1_l0.02_n1_L0.05_t1,hybrid,0.05,,0.0,0.1,0.02,1,20,1.0,1,3600293605,262144,8,0.2,2.338859,112082.00237808266,51,0.16612377850162866,1,1,0,1.483499,0.8538139999999999,sr,True,
entry,entry_hybrid_h0.1_l0.02_n2_L0.05_t1,hybrid,0.05,,0.0,0.1,0.02,2,20,1.0,1,3600293605,262144,8,0.2,2.32548,112726.83489000119,60,0.189873417721519,1,1,0,1.480243,0.8437460000000001,sr,True,
entry,entry_hybrid_h0.1_l0.02_n3_L0.05_t1,hybrid,0.05,,0.0,0.1,0.02,3,20,1.0,1,3600293605,262144,8,0.2,2.335271,112254.20946862269,60,0.189873417721519,1,1,0,1.482116,0.8506400000000001,sr,True,
entry,entry_hybrid_h0.2_l0.02_n1_L0.05_t1,hybrid,0.05,,0.0,0.2,0.02,1,20,1.0,1,3600293605,262144,8,0.2,2.372192,110507.07531262224,60,0.189873417721519,1,1,0,1.510128,0.8600320000000001,sr,True,
entry,entry_hybrid_h0.2_l0.02_n2_L0.05_t1,hybrid,0.05,,0.0,0.2,0.02,2,20,1.0,1,3600293605,262144,8,0.2,2.331866,112418.12351138529,60,0.189873417721519,1,1,0,1.481165,0.8495030000000001,sr,True,
entry,entry_hybrid_h0.2_l0.02_n3_L0.05_t1,hybrid,0.05,,0.0,0.2,0.02,3,20,1.0,1,3600293605,262144,8,0.2,2.529547,103632.78484250342,89,0.2579710144927536,1,1,0,2.309838,0.21890300000000007,sr,True,
entry,entry_hybrid_h0.35_l0.02_n1_L0.05_t1,hybrid,0.05,,0.0,0.35,0.02,1,20,1.0,1,3600293605,262144,8,0.2,2.574216,101834.50029057391,93,0.2664756446991404,0,0,0,2.571646,0.0,gbn,True,
entry,entry_hybrid_h0.35_l0.02_n2_L0.05_t1,hybrid,0.05,,0.0,0.35,0.02,2,20,1.0,1,3600293605,262144,8,0.2,2.5581,102476.0564481451,93,0.2664756446991404,0,0,0,2.556281,0.0,gbn,True,
entry,entry_hybrid_h0.35_l0.02_n3_L0.05_t1,hybrid,0.05,,0.0,0.35,0.02,3,20,1.0,1,3600293605,262144,8,0.2,2.556704,102532.00996282714,93,0.2664756446991404,0,0,0,2.5554069999999998,0.0,gbn,True,
entry,entry_hybrid_h0.5_l0.02_n1_L0.05_t1,hybrid,0.05,,0.0,0.5,0.02,1,20,1.0,1,3600293605,262144,8,0.2,2.579759,101615.69355897198,93,0.2664756446991404,0,0,0,2.577444,0.0,gbn,True,
entry,entry_hybrid_h0.5_l0.02_n2_L0.05_t1,hybrid,0.05,,0.0,0.5,0.02,2,20,1.0,1,3600293605,262144,8,0.2,2.568441,102063.4696300207,93,0.2664756446991404,0,0,0,2.5675380000000003,0.0,gbn,True,
entry,entry_hybrid_h0.5_l0.02_n3_L0.05_t1,hybrid,0.05,,0.0,0.5,0.02,3,20,1.0,1,3600293605,262144,8,0.2,2.533236,103481.87061923958,93,0.2664756446991404,0,0,0,2.5310400000000004,0.0,gbn,True,
entry,entry_gbn_L0.05_t2,gbn,0.05,,0.0,,,,,,2,3282538468,262144,8,0.2,3.80151,68957.86148135872,144,0.36,0,0,0,3.8001810000000003,0.0,gbn,True,
entry,entry_sr_L0.05_t2,sr,0.05,,0.0,,,,,,2,3282538468,262144,8,0.2,2.298866,114031.87484611978,15,0.055350553505535055,0,0,0,0.0,2.296505,sr,True,
entry,entry_hybrid_h0.05_l0.02_n1_L0.05_t2,hybrid,0.05,,0.0,0.05,0.02,1,20,1.0,2,3282538468,262144,8,0.2,2.990276,87665.48639657343,52,0.16883116883116883,1,1,0,1.0801509999999999,1.9087250000000002,sr,True,
entry,entry_hybrid_h0.05_l0.02_n2_L0.05_t2,hybrid,0.05,,0.0,0.05,0.02,2,20,1.0,2,3282538468,262144,8,0.2,3.167918,82749.6166251778,74,0.22424242424242424,1,1,0,1.912997,1.2522719999999998,sr,True,
entry,entry_hybrid_h0.05_l0.02_n3_L0.05_t2,hybrid,0.05,,0.0,0.05,0.02,3,20,1.0,2,3282538468,262144,8,0.2,3.347655,78306.75502702637,81,0.2403560830860534,1,1,0,1.894709,1.451154,sr,True,
entry,entry_hybrid_h0.1_l0.02_n1_L0.05_t2,hybrid,0.05,,0.0,0.1,0.02,1,20,1.0,2,3282538468,262144,8,0.2,2.978148,88022.48914426012,52,0.16883116883116883,1,1,0,1.060363,1.916649,sr,True,
entry,entry_hybrid_h0.1_l0.02_n2_L0.05_t2,hybrid,0.05,,0.0,0.1,0.02,2,20,1.0,2,3282538468,262144,8,0.2,3.163725,82859.2877067381,74,0.22424242424242424,1,1,0,1.910488,1.252041,sr,True,
entry,entry_hybrid_h0.1_l0.02_n3_L0.05_t2,hybrid,0.05,,0.0,0.1,0.02,3,20,1.0,2,3282538468,262144,8,0.2,3.423362,76575.01602226116,81,0.2403560830860534,1,1,0,1.9430749999999999,1.478975,sr,True,
entry,entry_hybrid_h0.2_l0.02_n1_L0.05_t2,hybrid,0.05,,0.0,0.2,0.02,1,20,1.0,2,3282538468,262144,8,0.2,2.967351,88342.7676739287,52,0.16883116883116883,1,1,0,1.079061,1.8868539999999998,sr,True,
entry,entry_hybrid_h0.2_l0.02_n2_L0.05_t2,hybrid,0.05,,0.0,0.2,0.02,2,20,1.0,2,3282538468,262144,8,0.2,3.172629,82626.74267933628,74,0.22424242424242424,1,1,0,1.9180979999999999,1.2530660000000002,sr,True,
entry,entry_hybrid_h0.2_l0.02_n3_L0.05_t2,hybrid,0.05,,0.0,0.2,0.02,3,20,1.0,2,3282538468,262144,8,0.2,3.352693,78189.08560968749,81,0.2403560830860534,1,1,0,1.886135,1.464469,sr,True,
entry,entry_hybrid_h0.35_l0.02_n1_L0.05_t2,hybrid,0.05,,0.0,0.35,0.02,1,20,1.0,2,3282538468,262144,8,0.2,2.958756,88599.39785504447,52,0.16883116883116883,1,1,0,1.08994,1.8671060000000002,sr,True,
entry,entry_hybrid_h0.35_l0.02_n2_L0.05_t2,hybrid,0.05,,0.0,0.35,0.02,2,20,1.0,2,3282538468,262144,8,0.2,3.145507,83339.18824532897,74,0.22424242424242424,1,1,0,1.900317,1.2428519999999998,sr,True,
entry,entry_hybrid_h0.35_l0.02_n3_L0.05_t2,hybrid,0.05,,0.0,0.35,0.02,3,20,1.0,2,3282538468,262144,8,0.2,3.313367,79117.10353848517,81,0.2403560830860534,1,1,0,1.873723,1.438419,sr,True,
entry,entry_hybrid_h0.5_l0.02_n1_L0.05_t2,hybrid,0.05,,0.0,0.5,0.02,1,20,1.0,2,3282538468,262144,8,0.2,3.1756,82549.43947600453,74,0.22424242424242424,1,1,0,1.920484,1.2538820000000002,sr,True,
entry,entry_hybrid_h0.5_l0.02_n2_L0.05_t2,hybrid,0.05,,0.0,0.5,0.02,2,20,1.0,2,3282538468,262144,8,0.2,3.355784,78117.06593749777,81,0.2403560830860534,1,1,0,1.9069989999999999,1.44732,sr,True,
entry,entry_hybrid_h0.5_l0.02_n3_L0.05_t2,hybrid,0.05,,0.0,0.5,0.02,3,20,1.0,2,3282538468,262144,8,0.2,3.77316,69475.98299568532,144,0.36,0,0,0,3.770812,0.0,gbn,True,
entry,entry_gbn_L0.1_t0,gbn,0.1,,0.0,,,,,,0,4281295008,262144,8,0.2,6.256886,41896.87969382853,226,0.46887966804979253,0,0,0,6.255701,0.0,gbn,True,
entry,entry_sr_L0.1_t0,sr,0.1,,0.0,,,,,,0,4281295008,262144,8,0.2,3.32486,78843.62048326846,24,0.08571428571428572,0,0,0,0.0,3.323675,sr,True,
entry,entry_hybrid_h0.05_l0.02_n1_L0.1_t0,hybrid,0.1,,0.0,0.05,0.02,1,20,1.0,0,4281295008,262144,8,0.2,3.747062,69959.8778990046,64,0.2,1,1,0,1.2506439999999999,2.4949260000000004,sr,True,
entry,entry_hybrid_h0.05_l0.02_n2_L0.1_t0,hybrid,0.1,,0.0,0.05,0.02,2,20,1.0,0,4281295008,262144,8,0.2,4.986394,52571.85854146303,95,0.2706552706552707,1,1,0,3.31082,1.6748249999999998,sr,True,
entry,entry_hybrid_h0.05_l0.02_n3_L0.1_t0,hybrid,0.1,,0.0,0.05,0.02,3,20,1.0,0,4281295008,262144,8,0.2,4.604572,56931.24138356399,122,0.32275132275132273,1,1,0,2.926951,1.675865,sr,True,
entry,entry_hybrid_h0.1_l0.02_n1_L0.1_t0,hybrid,0.1,,0.0,0.1,0.02,1,20,1.0,0,4281295008,262144,8,0.2,3.795642,69064.46919914997,64,0.2,1,1,0,1.28979,2.5035689999999997,sr,True,
entry,entry_hybrid_h0.1_l0.02_n2_L0.1_t0,hybrid,0.1,,0.0,0.1,0.02,2,20,1.0,0,4281295008,262144,8,0.2,5.008424,52340.61652927149,95,0.2706552706552707,1,1,0,3.324859,1.6812999999999998,sr,True,
entry,entry_hybrid_h0.1_l0.02_n3_L0.1_t0,hybrid,0.1,,0.0,0.1,0.02,3,20,1.0,0,4281295008,262144,8,0.2,4.63397,56570.06842944603,122,0.32275132275132273,1,1,0,2.952342,1.6794989999999999,sr,True,
entry,entry_hybrid_h0.2_l0.02_n1_L0.1_t0,hybrid,0.1,,0.0,0.2,0.02,1,20,1.0,0,4281295008,262144,8,0.2,3.802891,68932.81979420394,64,0.2,1,1,0,1.2879150000000001,2.5137439999999995,sr,True,
entry,entry_hybrid_h0.2_l0.02_n2_L0.1_t0,hybrid,0.1,,0.0,0.2,0.02,2,20,1.0,0,4281295008,262144,8,0.2,5.002815,52399.29919455347,95,0.2706552706552707,1,1,0,3.3204459999999996,1.681232,sr,True,
entry,entry_hybrid_h0.2_l0.02_n3_L0.1_t0,hybrid,0.1,,0.0,0.2,0.02,3,20,1.0,0,4281295008,262144,8,0.2,4.614764,56805.505113587606,122,0.32275132275132273,1,1,0,2.9381839999999997,1.675113,sr,True,
entry,entry_hybrid_h0.35_l0.02_n1_L0.1_t0,hybrid,0.1,,0.0,0.35,0.02,1,20,1.0,0,4281295008,262144,8,0.2,3.773791,69464.36620363979,64,0.2,1,1,0,1.256563,2.51609,sr,True,
entry,entry_hybrid_h0.35_l0.02_n2_L0.1_t0,hybrid,0.1,,0.0,0.35,0.02,2,20,1.0,0,4281295008,262144,8,0.2,5.013723,52285.2977717357,95,0.2706552706552707,1,1,0,3.333243,1.6791009999999997,sr,True,
entry,entry_hybrid_h0.35_l0.02_n3_L0.1_t0,hybrid,0.1,,0.0,0.35,0.02,3,20,1.0,0,4281295008,262144,8,0.2,4.629798,56621.0448058425,122,0.32275132275132273,1,1,0,2.9499350000000004,1.677533,sr,True,
entry,entry_hybrid_h0.5_l0.02_n1_L0.1_t0,hybrid,0.1,,0.0,0.5,0.02,1,20,1.0,0,4281295008,262144,8,0.2,4.976472,52676.67536359091,95,0.2706552706552707,1,1,0,3.299115,1.6750310000000002,sr,True,
entry,entry_hybrid_h0.5_l0.02_n2_L0.1_t0,hybrid,0.1,,0.0,0.5,0.02,2,20,1.0,0,4281295008,262144,8,0.2,4.65925,56263.132478403175,122,0.32275132275132273,1,1,0,2.971258,1.6868000000000003,sr,True,
entry,entry_hybrid_h0.5_l0.02_n3_L0.1_t0,hybrid,0.1,,0.0,0.5,0.02,3,20,1.0,0,4281295008,262144,8,0.2,5.037529,52038.21159143699,139,0.3518987341772152,1,1,0,3.358707,1.6774580000000001,sr,True,
entry,entry_gbn_L0.1_t1,gbn,0.1,,0.0,,,,,,1,6254634,262144,8,0.2,5.469682,47926.73504602279,208,0.4482758620689655,0,0,0,5.468719999999999,0.0,gbn,True,
entry,entry_sr_L0.1_t1,sr,0.1,,0.0,,,,,,1,6254634,262144,8,0.2,4.988587,52548.7477716636,32,0.1111111111111111,0,0,0,0.0,4.986371,sr,True,
entry,entry_hybrid_h0.05_l0.02_n1_L0.1_t1,hybrid,0.1,,0.0,0.05,0.02,1,20,1.0,1,6254634,262144,8,0.2,4.233063,61927.73412538392,77,0.23123123123123124,1,1,0,1.4907350000000001,2.7400379999999998,sr,True,
entry,entry_hybrid_h0.05_l0.02_n2_L0.1_t1,hybrid,0.1,,0.0,0.05,0.02,2,20,1.0,1,6254634,262144,8,0.2,6.431978,40756.358308439485,81,0.2403560830860534,1,1,0,2.9297920000000004,3.499811,sr,True,
entry,entry_hybrid_h0.05_l0.02_n3_L0.1_t1,hybrid,0.1,,0.0,0.05,0.02,3,20,1.0,1,6254634,262144,8,0.2,4.455981,58829.69429178445,93,0.2664756446991404,1,1,0,1.926256,2.5270900000000003,sr,True,
entry,entry_hybrid_h0.1_l0.02_n1_L0.1_t1,hybrid,0.1,,0.0,0.1,0.02,1,20,1.0,1,6254634,262144,8,0.2,4.212195,62234.53567558007,77,0.23123123123123124,1,1,0,1.488359,2.7226440000000003,sr,True,
entry,entry_hybrid_h0.1_l0.02_n2_L0.1_t1,hybrid,0.1,,0.0,0.1,0.02,2,20,1.0,1,6254634,262144,8,0.2,6.422582,40815.983353735304,81,0.2403560830860534,1,1,0,2.901718,3.5197930000000004,sr,True,
entry,entry_hybrid_h0.1_l0.02_n3_L0.1_t1,hybrid,0.1,,0.0,0.1,0.02,3,20,1.0,1,6254634,262144,8,0.2,4.430063,59173.87630830533,93,0.2664756446991404,1,1,0,1.9144300000000003,2.5142109999999995,sr,True,
entry,entry_hybrid_h0.2_l0.02_n1_L0.1_t1,hybrid,0.1,,0.0,0.2,0.02,1,20,1.0,1,6254634,262144,8,0.2,4.232214,61940.157090355075,77,0.23123123123123124,1,1,0,1.487718,2.742154,sr,True,
entry,entry_hybrid_h0.2_l0.02_n2_L0.1_t1,hybrid,0.1,,0.0,0.2,0.02,2,20,1.0,1,6254634,262144,8,0.2,6.41266,40879.13595918075,81,0.2403560830860534,1,1,0,2.9056319999999998,3.504661,sr,True,
entry,entry_hybrid_h0.2_l0.02_n3_L0.1_t1,hybrid,0.1,,0.0,0.2,0.02,3,20,1.0,1,6254634,262144,8,0.2,4.424835,59243.791011416244,93,0.2664756446991404,1,1,0,1.915742,2.5067359999999996,sr,True,
entry,entry_hybrid_h0.35_l0.02_n1_L0.1_t1,hybrid,0.1,,0.0,0.35,0.02,1,20,1.0,1,6254634,262144,8,0.2,4.189013,62578.94162658363,77,0.23123123123123124,1,1,0,1.476502,2.7110230000000004,sr,True,
entry,entry_hybrid_h0.35_l0.02_n2_L0.1_t1,hybrid,0.1,,0.0,0.35,0.02,2,20,1.0,1,6254634,262144,8,0.2,4.432169,59145.75910801235,118,0.3155080213903743,1,1,0,2.7481180000000003,1.6813829999999998,sr,True,
entry,entry_hybrid_h0.35_l0.02_n3_L0.1_t1,hybrid,0.1,,0.0,0.35,0.02,3,20,1.0,1,6254634,262144,8,0.2,4.635943,56545.99290802324,140,0.35353535353535354,1,1,0,3.385751,1.2475640000000001,sr,True,
entry,entry_hybrid_h0.5_l0.02_n1_L0.1_t1,hybrid,0.1,,0.0,0.5,0.02,1,20,1.0,1,6254634,262144,8,0.2,4.4442,58985.64421043157,118,0.3155080213903743,1,1,0,2.758999,1.6841920000000004,sr,True,
entry,entry_hybrid_h0.5_l0.02_n2_L0.1_t1,hybrid,0.1,,0.0,0.5,0.02,2,20,1.0,1,6254634,262144,8,0.2,4.624646,56684.12241715365,140,0.35353535353535354,1,1,0,3.3548270000000002,1.2686490000000004,sr,True,
entry,entry_hybrid_h0.5_l0.02_n3_L0.1_t1,hybrid,0.1,,0.0,0.5,0.02,3,20,1.0,1,6254634,262144,8,0.2,5.279244,49655.594626806414,161,0.38609112709832133,1,1,0,4.030869,1.246887,sr,True,
entry,entry_gbn_L0.1_t2,gbn,0.1,,0.0,,,,,,2,3126256502,262144,8,0.2,4.825957,54319.58884009949,144,0.36,0,0,0,4.823506,0.0,gbn,True,
entry,entry_sr_L0.1_t2,sr,0.1,,0.0,,,,,,2,3126256502,262144,8,0.2,4.578978,57249.45610133964,23,0.08243727598566308,0,0,0,0.0,4.577829,sr,True,
entry,entry_hybrid_h0.05_l0.02_n1_L0.1_t2,hybrid,0.1,,0.0,0.05,0.02,1,20,1.0,2,3126256502,262144,8,0.2,3.565142,73529.7500071526,66,0.20496894409937888,1,1,0,1.26401,2.2993989999999997,sr,True,
entry,entry_hybrid_h0.05_l0.02_n2_L0.1_t2,hybrid,0.1,,0.0,0.05,0.02,2,20,1.0,2,3126256502,262144,8,0.2,3.764573,69634.45787875543,84,0.24705882352941178,1,1,0,1.8875810000000002,1.8748369999999999,sr,True,
entry,entry_hybrid_h0.05_l0.02_n3_L0.1_t2,hybrid,0.1,,0.0,0.05,0.02,3,20,1.0,2,3126256502,262144,8,0.2,3.780328,69344.24737747625,93,0.2664756446991404,1,1,0,2.112704,1.6659570000000001,sr,True,
entry,entry_hybrid_h0.1_l0.02_n1_L0.1_t2,hybrid,0.1,,0.0,0.1,0.02,1,20,1.0,2,3126256502,262144,8,0.2,3.593519,72949.10643299784,66,0.20496894409937888,1,1,0,1.2701149999999999,2.320844,sr,True,
entry,entry_hybrid_h0.1_l0.02_n2_L0.1_t2,hybrid,0.1,,0.0,0.1,0.02,2,20,1.0,2,3126256502,262144,8,0.2,3.769624,69541.15317601968,84,0.24705882352941178,1,1,0,1.8805809999999998,1.886453,sr,True,
entry,entry_hybrid_h0.1_l0.02_n3_L0.1_t2,hybrid,0.1,,0.0,0.1,0.02,3,20,1.0,2,3126256502,262144,8,0.2,3.783183,69291.91635720503,93,0.2664756446991404,1,1,0,2.100287,1.6812530000000003,sr,True,
entry,entry_hybrid_h0.2_l0.02_n1_L0.1_t2,hybrid,0.1,,0.0,0.2,0.02,1,20,1.0,2,3126256502,262144,8,0.2,3.541616,74018.1883072586,66,0.20496894409937888,1,1,0,1.2506570000000001,2.2895199999999996,sr,True,
entry,entry_hybrid_h0.2_l0.02_n2_L0.1_t2,hybrid,0.1,,0.0,0.2,0.02,2,20,1.0,2,3126256502,262144,8,0.2,3.805793,68880.25701870806,84,0.24705882352941178,1,1,0,1.902505,1.901647,sr,True,
entry,entry_hybrid_h0.2_l0.02_n3_L0.1_t2,hybrid,0.1,,0.0,0.2,0.02,3,20,1.0,2,3126256502,262144,8,0.2,3.826134,68514.06667931651,93,0.2664756446991404,1,1,0,2.1251719999999996,1.7001530000000002,sr,True,
entry,entry_hybrid_h0.35_l0.02_n1_L0.1_t2,hybrid,0.1,,0.0,0.35,0.02,1,20,1.0,2,3126256502,262144,8,0.2,3.548464,73875.34437435465,66,0.20496894409937888,1,1,0,1.240817,2.306647,sr,True,
entry,entry_hybrid_h0.35_l0.02_n2_L0.1_t2,hybrid,0.1,,0.0,0.35,0.02,2,20,1.0,2,3126256502,262144,8,0.2,3.596294,72892.81688315806,84,0.24705882352941178,1,1,0,1.913214,1.682205,sr,True,
entry,entry_hybrid_h0.35_l0.02_n3_L0.1_t2,hybrid,0.1,,0.0,0.35,0.02,3,20,1.0,2,3126256502,262144,8,0.2,3.765589,69615.66968673427,93,0.2664756446991404,1,1,0,2.1142060000000003,1.6501669999999997,sr,True,
entry,entry_hybrid_h0.5_l0.02_n1_L0.1_t2,hybrid,0.1,,0.0,0.5,0.02,1,20,1.0,2,3126256502,262144,8,0.2,3.79536,69069.600775684,84,0.24705882352941178,1,1,0,1.894761,1.898136,sr,True,
entry,entry_hybrid_h0.5_l0.02_n2_L0.1_t2,hybrid,0.1,,0.0,0.5,0.02,2,20,1.0,2,3126256502,262144,8,0.2,3.775294,69436.7114190312,93,0.2664756446991404,1,1,0,2.1159660000000002,1.657585,sr,True,
entry,entry_hybrid_h0.5_l0.02_n3_L0.1_t2,hybrid,0.1,,0.0,0.5,0.02,3,20,1.0,2,3126256502,262144,8,0.2,3.761862,69684.64021274571,98,0.2768361581920904,1,1,0,2.304287,1.456778,sr,True,
entry,entry_gbn_L0.2_t0,gbn,0.2,,0.0,,,,,,0,2466909176,262144,8,0.2,12.153152,21570.042076327194,464,0.6444444444444445,0,0,0,12.150728,0.0,gbn,True,
entry,entry_sr_L0.2_t0,sr,0.2,,0.0,,,,,,0,2466909176,262144,8,0.2,6.602566,39703.35169690087,58,0.18471337579617833,0,0,0,0.0,6.600969000000001,sr,True,
entry,entry_hybrid_h0.05_l0.02_n1_L0.2_t0,hybrid,0.2,,0.0,0.05,0.02,1,20,1.0,0,2466909176,262144,8,0.2,7.86793,33318.03917930129,96,0.2727272727272727,1,1,0,2.0556639999999997,5.810459000000001,sr,True,
entry,entry_hybrid_h0.05_l0.02_n2_L0.2_t0,hybrid,0.2,,0.0,0.05,0.02,2,20,1.0,0,2466909176,262144,8,0.2,7.322999,35797.355700854256,118,0.3155080213903743,1,1,0,1.698217,5.623474000000001,sr,True,
entry,entry_hybrid_h0.05_l0.02_n3_L0.2_t0,hybrid,0.2,,0.0,0.05,0.02,3,20,1.0,0,2466909176,262144,8,0.2,8.742539,29984.881966211415,150,0.3694581280788177,1,1,0,3.7448710000000003,4.996552000000001,sr,True,
entry,entry_hybrid_h0.1_l0.02_n1_L0.2_t0,hybrid,0.2,,0.0,0.1,0.02,1,20,1.0,0,2466909176,262144,8,0.2,7.902486,33172.346018708544,96,0.2727272727272727,1,1,0,2.063081,5.8381,sr,True,
entry,entry_hybrid_h0.1_l0.02_n2_L0.2_t0,hybrid,0.2,,0.0,0.1,0.02,2,20,1.0,0,2466909176,262144,8,0.2,7.333337,35746.89121746348,118,0.3155080213903743,1,1,0,1.6721,5.658365,sr,True,
entry,entry_hybrid_h0.1_l0.02_n3_L0.2_t0,hybrid,0.2,,0.0,0.1,0.02,3,20,1.0,0,2466909176,262144,8,0.2,8.724892,30045.529503402446,150,0.3694581280788177,1,1,0,3.7276460000000005,4.994837,sr,True,
entry,entry_hybrid_h0.2_l0.02_n1_L0.2_t0,hybrid,0.2,,0.0,0.2,0.02,1,20,1.0,0,2466909176,262144,8,0.2,7.880882,33263.281952451514,96,0.2727272727272727,1,1,0,2.0507520000000006,5.827766,sr,True,
entry,entry_hybrid_h0.2_l0.02_n2_L0.2_t0,hybrid,0.2,,0.0,0.2,0.02,2,20,1.0,0,2466909176,262144,8,0.2,7.283161,35993.16285881913,118,0.3155080213903743,1,1,0,1.6654049999999998,5.615349999999999,sr,True,
entry,entry_hybrid_h0.2_l0.02_n3_L0.2_t0,hybrid,0.2,,0.0,0.2,0.02,3,20,1.0,0,2466909176,262144,8,0.2,8.69846,30136.828817974674,150,0.3694581280788177,1,1,0,3.710949,4.984707,sr,True,
entry,entry_hybrid_h0.35_l0.02_n1_L0.2_t0,hybrid,0.2,,0.0,0.35,0.02,1,20,1.0,0,2466909176,262144,8,0.2,7.883003,33254.33213713099,96,0.2727272727272727,1,1,0,2.0627440000000004,5.817589,sr,True,
entry,entry_hybrid_h0.35_l0.02_n2_L0.2_t0,hybrid,0.2,,0.0,0.35,0.02,2,20,1.0,0,2466909176,262144,8,0.2,7.295177,35933.877957998826,118,0.3155080213903743,1,1,0,1.6775140000000002,5.616492,sr,True,
entry,entry_hybrid_h0.35_l0.02_n3_L0.2_t0,hybrid,0.2,,0.0,0.35,0.02,3,20,1.0,0,2466909176,262144,8,0.2,8.726637,30039.5215247294,150,0.3694581280788177,1,1,0,3.725313,4.9990689999999995,sr,True,
entry,entry_hybrid_h0.5_l0.02_n1_L0.2_t0,hybrid,0.2,,0.0,0.5,0.02,1,20,1.0,0,2466909176,262144,8,0.2,7.896825,33196.126291262626,96,0.2727272727272727,1,1,0,2.06421,5.831516,sr,True,
entry,entry_hybrid_h0.5_l0.02_n2_L0.2_t0,hybrid,0.2,,0.0,0.5,0.02,2,20,1.0,0,2466909176,262144,8,0.2,7.301913,35900.729028132766,118,0.3155080213903743,1,1,0,1.677684,5.621645999999999,sr,True,
entry,entry_hybrid_h0.5_l0.02_n3_L0.2_t0,hybrid,0.2,,0.0,0.5,0.02,3,20,1.0,0,2466909176,262144,8,0.2,8.703997,30117.657439449948,150,0.3694581280788177,1,1,0,3.706772,4.994902999999999,sr,True,
entry,entry_gbn_L0.2_t1,gbn,0.2,,0.0,,,,,,1,1295656166,262144,8,0.2,13.78613,17826.6126897106,520,0.6770833333333334,0,0,0,13.785046000000001,0.0,gbn,False,segment 240 unacknowledged after 10 retransmissions â€” aborting
entry,entry_sr_L0.2_t1,sr,0.2,,0.0,,,,,,1,1295656166,262144,8,0.2,6.269054,41815.559412951305,67,0.20743034055727555,0,0,0,0.0,6.267238999999999,sr,True,
entry,entry_hybrid_h0.05_l0.02_n1_L0.2_t1,hybrid,0.2,,0.0,0.05,0.02,1,20,1.0,1,1295656166,262144,8,0.2,7.279226,36012.62002306289,105,0.29085872576177285,1,1,0,1.253688,6.024178,sr,True,
entry,entry_hybrid_h0.05_l0.02_n2_L0.2_t1,hybrid,0.2,,0.0,0.05,0.02,2,20,1.0,1,1295656166,262144,8,0.2,10.523247,24910.942411595966,131,0.3385012919896641,1,1,0,4.1123,6.40973,sr,True,
entry,entry_hybrid_h0.05_l0.02_n3_L0.2_t1,hybrid,0.2,,0.0,0.05,0.02,3,20,1.0,1,1295656166,262144,8,0.2,12.952898,20238.25093040955,158,0.38164251207729466,1,1,0,3.931017,9.020245,sr,True,
entry,entry_hybrid_h0.1_l0.02_n1_L0.2_t1,hybrid,0.2,,0.0,0.1,0.02,1,20,1.0,1,1295656166,262144,8,0.2,7.297216,35923.83725519431,105,0.29085872576177285,1,1,0,1.2564079999999997,6.039871,sr,True,
entry,entry_hybrid_h0.1_l0.02_n2_L0.2_t1,hybrid,0.2,,0.0,0.1,0.02,2,20,1.0,1,1295656166,262144,8,0.2,10.521419,24915.27045924129,131,0.3385012919896641,1,1,0,4.104350999999999,6.415757,sr,True,
entry,entry_hybrid_h0.1_l0.02_n3_L0.2_t1,hybrid,0.2,,0.0,0.1,0.02,3,20,1.0,1,1295656166,262144,8,0.2,12.990693,20179.36995355059,158,0.38164251207729466,1,1,0,3.9434400000000003,9.046085,sr,True,
entry,entry_hybrid_h0.2_l0.02_n1_L0.2_t1,hybrid,0.2,,0.0,0.2,0.02,1,20,1.0,1,1295656166,262144,8,0.2,7.286208,35978.11097349952,105,0.29085872576177285,1,1,0,1.2489810000000001,6.034567,sr,True,
entry,entry_hybrid_h0.2_l0.02_n2_L0.2_t1,hybrid,0.2,,0.0,0.2,0.02,2,20,1.0,1,1295656166,262144,8,0.2,10.524486,24908.009759336466,131,0.3385012919896641,1,1,0,4.103344,6.420006999999999,sr,True,
entry,entry_hybrid_h0.2_l0.02_n3_L0.2_t1,hybrid,0.2,,0.0,0.2,0.02,3,20,1.0,1,1295656166,262144,8,0.2,12.964464,20220.19575973214,158,0.38164251207729466,1,1,0,3.93697,9.026583,sr,True,
entry,entry_hybrid_h0.35_l0.02_n1_L0.2_t1,hybrid,0.2,,0.0,0.35,0.02,1,20,1.0,1,1295656166,262144,8,0.2,7.344701,35691.58227135455,105,0.29085872576177285,1,1,0,1.2899129999999999,6.053637,sr,True,
entry,entry_hybrid_h0.35_l0.02_n2_L0.2_t1,hybrid,0.2,,0.0,0.35,0.02,2,20,1.0,1,1295656166,262144,8,0.2,10.532935,24888.029784670653,131,0.3385012919896641,1,1,0,4.118975,6.411443,sr,True,
entry,entry_hybrid_h0.35_l0.02_n3_L0.2_t1,hybrid,0.2,,0.0,0.35,0.02,3,20,1.0,1,1295656166,262144,8,0.2,11.684633,22434.936552992294,164,0.3904761904761905,1,1,0,3.9669920000000003,7.716305,sr,True,
entry,entry_hybrid_h0.5_l0.02_n1_L0.2_t1,hybrid,0.2,,0.0,0.5,0.02,1,20,1.0,1,1295656166,262144,8,0.2,7.285112,35983.523657563535,105,0.29085872576177285,1,1,0,1.266181,6.016927,sr,True,
entry,entry_hybrid_h0.5_l0.02_n2_L0.2_t1,hybrid,0.2,,0.0,0.5,0.02,2,20,1.0,1,1295656166,262144,8,0.2,10.484969,25001.886033234816,131,0.3385012919896641,1,1,0,4.1044860000000005,6.379163999999999,sr,True,
entry,entry_hybrid_h0.5_l0.02_n3_L0.2_t1,hybrid,0.2,,0.0,0.5,0.02,3,20,1.0,1,1295656166,262144,8,0.2,13.15341,19929.73685150847,158,0.38164251207729466,1,1,0,3.9145299999999996,9.236896,sr,True,
entry,entry_gbn_L0.2_t2,gbn,0.2,,0.0,,,,,,2,2865629880,262144,8,0.2,14.825514,17681.950183986875,565,0.6881851400730816,0,0,0,14.824317,0.0,gbn,True,
entry,entry_sr_L0.2_t2,sr,0.2,,0.0,,,,,,2,2865629880,262144,8,0.2,6.701241,39118.7244273113,64,0.2,0,0,0,0.0,6.6998619999999995,sr,True,
entry,entry_hybrid_h0.05_l0.02_n1_L0.2_t2,hybrid,0.2,,0.0,0.05,0.02,1,20,1.0,2,2865629880,262144,8,0.2,7.699657,34046.19192777029,124,0.3263157894736842,1,1,0,1.687042,6.01116,sr,True,
entry,entry_hybrid_h0.05_l0.02_n2_L0.2_t2,hybrid,0.2,,0.0,0.05,0.02,2,20,1.0,2,2865629880,262144,8,0.2,10.533121,24887.59029731074,157,0.3801452784503632,1,1,0,2.709913,7.821873,sr,True,
entry,entry_hybrid_h0.05_l0.02_n3_L0.2_t2,hybrid,0.2,,0.0,0.05,0.02,3,20,1.0,2,2865629880,262144,8,0.2,9.534616,27493.92319522884,216,0.4576271186440678,1,1,0,4.372432,5.161353,sr,True,
entry,entry_hybrid_h0.1_l0.02_n1_L0.2_t2,hybrid,0.2,,0.0,0.1,0.02,1,20,1.0,2,2865629880,262144,8,0.2,7.75585,33799.519072699964,124,0.3263157894736842,1,1,0,1.675286,6.077699999999999,sr,True,
entry,entry_hybrid_h0.1_l0.02_n2_L0.2_t2,hybrid,0.2,,0.0,0.1,0.02,2,20,1.0,2,2865629880,262144,8,0.2,10.547152,24854.4820440627,157,0.3801452784503632,1,1,0,2.713061,7.8326080000000005,sr,True,
entry,entry_hybrid_h0.1_l0.02_n3_L0.2_t2,hybrid,0.2,,0.0,0.1,0.02,3,20,1.0,2,2865629880,262144,8,0.2,9.501812,27588.84305435637,216,0.4576271186440678,1,1,0,4.359092,5.141310999999999,sr,True,
entry,entry_hybrid_h0.2_l0.02_n1_L0.2_t2,hybrid,0.2,,0.0,0.2,0.02,1,20,1.0,2,2865629880,262144,8,0.2,7.691287,34083.24250544805,124,0.3263157894736842,1,1,0,1.6615769999999999,6.027368,sr,True,
entry,entry_hybrid_h0.2_l0.02_n2_L0.2_t2,hybrid,0.2,,0.0,0.2,0.02,2,20,1.0,2,2865629880,262144,8,0.2,10.51461,24931.404968895662,157,0.3801452784503632,1,1,0,2.708541,7.803925,sr,True,
entry,entry_hybrid_h0.2_l0.02_n3_L0.2_t2,hybrid,0.2,,0.0,0.2,0.02,3,20,1.0,2,2865629880,262144,8,0.2,9.573287,27382.862333491095,216,0.4576271186440678,1,1,0,4.365348,5.205602000000001,sr,True,
entry,entry_hybrid_h0.35_l0.02_n1_L0.2_t2,hybrid,0.2,,0.0,0.35,0.02,1,20,1.0,2,2865629880,262144,8,0.2,7.734699,33891.945892141375,124,0.3263157894736842,1,1,0,1.7007910000000002,6.031648,sr,True,
entry,entry_hybrid_h0.35_l0.02_n2_L0.2_t2,hybrid,0.2,,0.0,0.35,0.02,2,20,1.0,2,2865629880,262144,8,0.2,10.758845,24365.440714128697,157,0.3801452784503632,1,1,0,2.70734,8.049977000000002,sr,True,
entry,entry_hybrid_h0.35_l0.02_n3_L0.2_t2,hybrid,0.2,,0.0,0.35,0.02,3,20,1.0,2,2865629880,262144,8,0.2,9.623632,27239.61182223094,216,0.4576271186440678,1,1,0,4.415415,5.205955,sr,True,
entry,entry_hybrid_h0.5_l0.02_n1_L0.2_t2,hybrid,0.2,,0.0,0.5,0.02,1,20,1.0,2,2865629880,262144,8,0.2,7.740096,33868.313778020325,124,0.3263157894736842,1,1,0,1.6786860000000001,6.059706,sr,True,
entry,entry_hybrid_h0.5_l0.02_n2_L0.2_t2,hybrid,0.2,,0.0,0.5,0.02,2,20,1.0,2,2865629880,262144,8,0.2,10.620594,24682.611914173536,157,0.3801452784503632,1,1,0,2.747373,7.871347,sr,True,
entry,entry_hybrid_h0.5_l0.02_n3_L0.2_t2,hybrid,0.2,,0.0,0.5,0.02,3,20,1.0,2,2865629880,262144,8,0.2,9.667154,27116.97775787993,216,0.4576271186440678,1,1,0,4.447512,5.218342,sr,True,
exit,exit_gbn_t0,gbn,0.15,3:0,0.0,,,,,,0,1380603884,262144,8,0.2,3.166057,82798.25663277699,120,0.3191489361702128,0,0,0,3.165089,0.0,gbn,True,
exit,exit_sr_t0,sr,0.15,3:0,0.0,,,,,,0,1380603884,262144,8,0.2,3.104463,84441.01282572864,32,0.1111111111111111,0,0,0,0.0,3.103105,sr,True,
exit,exit_hybrid_h0.1_l0.01_n1_t0,hybrid,0.15,3:0,0.0,0.1,0.01,1,20,1.0,0,1380603884,262144,8,0.2,3.181798,82388.63686506811,61,0.19242902208201892,2,2,0,1.0742760000000002,2.10632,gbn,True,
exit,exit_hybrid_h0.1_l0.01_n2_t0,hybrid,0.15,3:0,0.0,0.1,0.01,2,20,1.0,0,1380603884,262144,8,0.2,3.198524,81957.80303665066,69,0.2123076923076923,2,2,0,1.7093039999999997,1.4864260000000002,gbn,True,
exit,exit_hybrid_h0.1_l0.01_n3_t0,hybrid,0.15,3:0,0.0,0.1,0.01,3,20,1.0,0,1380603884,262144,8,0.2,3.192032,82124.48998005032,88,0.2558139534883721,1,1,0,2.735129,0.4556610000000001,sr,True,
exit,exit_hybrid_h0.1_l0.02_n1_t0,hybrid,0.15,3:0,0.0,0.1,0.02,1,20,1.0,0,1380603884,262144,8,0.2,3.165036,82824.9662879032,61,0.19242902208201892,2,2,0,1.059919,2.1038680000000003,gbn,True,
exit,exit_hybrid_h0.1_l0.02_n2_t0,hybrid,0.15,3:0,0.0,0.1,0.02,2,20,1.0,0,1380603884,262144,8,0.2,3.189607,82186.92773122205,69,0.2123076923076923,2,2,0,1.696879,1.4915370000000001,gbn,True,
exit,exit_hybrid_h0.1_l0.02_n3_t0,hybrid,0.15,3:0,0.0,0.1,0.02,3,20,1.0,0,1380603884,262144,8,0.2,3.167126,82770.30973822955,88,0.2558139534883721,1,1,0,2.7231609999999997,0.44130800000000026,sr,True,
exit,exit_hybrid_h0.1_l0.05_n1_t0,hybrid,0.15,3:0,0.0,0.1,0.05,1,20,1.0,0,1380603884,262144,8,0.2,3.201883,81871.82354883048,61,0.19242902208201892,2,2,0,1.069076,2.130717,gbn,True,
exit,exit_hybrid_h0.1_l0.05_n2_t0,hybrid,0.15,3:0,0.0,0.1,0.05,2,20,1.0,0,1380603884,262144,8,0.2,3.190542,82162.84255151633,69,0.2123076923076923,2,2,0,1.7043050000000002,1.484804,gbn,True,
exit,exit_hybrid_h0.1_l0.05_n3_t0,hybrid,0.15,3:0,0.0,0.1,0.05,3,20,1.0,0,1380603884,262144,8,0.2,3.188445,82216.8800151798,88,0.2558139534883721,1,1,0,2.735719,0.45132400000000006,sr,True,
exit,exit_hybrid_h0.1_l0.1_n1_t0,hybrid,0.15,3:0,0.0,0.1,0.1,1,20,1.0,0,1380603884,262144,8,0.2,3.177396,82502.77900519797,61,0.19242902208201892,2,2,0,1.0817,2.094003,gbn,True,
exit,exit_hybrid_h0.1_l0.1_n2_t0,hybrid,0.15,3:0,0.0,0.1,0.1,2,20,1.0,0,1380603884,262144,8,0.2,3.178737,82467.97391542616,69,0.2123076923076923,2,2,0,1.694918,1.481627,gbn,True,
exit,exit_hybrid_h0.1_l0.1_n3_t0,hybrid,0.15,3:0,0.0,0.1,0.1,3,20,1.0,0,1380603884,262144,8,0.2,3.046984,86033.92731960522,86,0.25146198830409355,1,1,0,2.7970120000000005,0.24764199999999992,sr,True,
exit,exit_gbn_t1,gbn,0.15,3:0,0.0,,,,,,1,678971383,262144,8,0.2,3.20946,81678.53782256205,120,0.3191489361702128,0,0,0,3.2066619999999997,0.0,gbn,True,
exit,exit_sr_t1,sr,0.15,3:0,0.0,,,,,,1,678971383,262144,8,0.2,3.159414,82972.34866972167,28,0.09859154929577464,0,0,0,0.0,3.1582779999999997,sr,True,
exit,exit_hybrid_h0.1_l0.01_n1_t1,hybrid,0.15,3:0,0.0,0.1,0.01,1,20,1.0,1,678971383,262144,8,0.2,3.162614,82888.39548550661,78,0.23353293413173654,2,2,0,1.6766159999999999,1.4846700000000002,gbn,True,
exit,exit_hybrid_h0.1_l0.01_n2_t1,hybrid,0.15,3:0,0.0,0.1,0.01,2,20,1.0,1,678971383,262144,8,0.2,3.163235,82872.12300066231,78,0.23353293413173654,2,2,0,2.1042629999999996,1.0574030000000003,gbn,True,
exit,exit_hybrid_h0.1_l0.01_n3_t1,hybrid,0.15,3:0,0.0,0.1,0.01,3,20,1.0,1,678971383,262144,8,0.2,3.384619,77451.55363129498,82,0.24260355029585798,1,1,0,3.3297229999999995,0.053682999999999925,sr,True,
exit,exit_hybrid_h0.1_l0.02_n1_t1,hybrid,0.15,3:0,0.0,0.1,0.02,1,20,1.0,1,678971383,262144,8,0.2,3.225342,81276.34216774532,78,0.23353293413173654,2,2,0,1.6952539999999998,1.527719,gbn,True,
exit,exit_hybrid_h0.1_l0.02_n2_t1,hybrid,0.15,3:0,0.0,0.1,0.02,2,20,1.0,1,678971383,262144,8,0.2,3.256044,80509.96853850869,78,0.23353293413173654,2,2,0,2.1583850000000004,1.0963559999999997,gbn,True,
exit,exit_hybrid_h0.1_l0.02_n3_t1,hybrid,0.15,3:0,0.0,0.1,0.02,3,20,1.0,1,678971383,262144,8,0.2,3.419828,76654.14751853017,82,0.24260355029585798,1,1,0,3.3726410000000002,0.045954999999999746,sr,True,
exit,exit_hybrid_h0.1_l0.05_n1_t1,hybrid,0.15,3:0,0.0,0.1,0.05,1,20,1.0,1,678971383,262144,8,0.2,3.17134,82660.3265496604,78,0.23353293413173654,2,2,0,1.685675,1.4841909999999998,gbn,True,
exit,exit_hybrid_h0.1_l0.05_n2_t1,hybrid,0.15,3:0,0.0,0.1,0.05,2,20,1.0,1,678971383,262144,8,0.2,3.177072,82511.19269566445,78,0.23353293413173654,2,2,0,2.1022339999999997,1.073757,gbn,True,
exit,exit_hybrid_h0.1_l0.05_n3_t1,hybrid,0.15,3:0,0.0,0.1,0.05,3,20,1.0,1,678971383,262144,8,0.2,3.376572,77636.13510980959,82,0.24260355029585798,1,1,0,3.3258530000000004,0.049188999999999705,sr,True,
exit,exit_hybrid_h0.1_l0.1_n1_t1,hybrid,0.15,3:0,0.0,0.1,0.1,1,20,1.0,1,678971383,262144,8,0.2,3.184435,82320.41162718032,78,0.23353293413173654,2,2,0,1.7000269999999997,1.4819300000000002,gbn,True,
exit,exit_hybrid_h0.1_l0.1_n2_t1,hybrid,0.15,3:0,0.0,0.1,0.1,2,20,1.0,1,678971383,262144,8,0.2,3.193963,82074.83931404339,78,0.23353293413173654,2,2,0,2.1405459999999996,1.0520870000000002,gbn,True,
exit,exit_hybrid_h0.1_l0.1_n3_t1,hybrid,0.15,3:0,0.0,0.1,0.1,3,20,1.0,1,678971383,262144,8,0.2,3.419692,76657.19602818032,82,0.24260355029585798,1,1,0,3.363354,0.054292999999999925,sr,True,
exit,exit_gbn_t2,gbn,0.15,3:0,0.0,,,,,,2,3744824324,262144,8,0.2,3.240896,80886.27342562056,120,0.3191489361702128,0,0,0,3.238763,0.0,gbn,True,
exit,exit_sr_t2,sr,0.15,3:0,0.0,,,,,,2,3744824324,262144,8,0.2,3.15895,82984.53600088638,25,0.08896797153024912,0,0,0,0.0,3.1566069999999997,sr,True,
exit,exit_hybrid_h0.1_l0.01_n1_t2,hybrid,0.15,3:0,0.0,0.1,0.01,1,20,1.0,2,3744824324,262144,8,0.2,3.160645,82940.03280975876,61,0.19242902208201892,2,2,0,1.275442,1.8830890000000002,gbn,True,
exit,exit_hybrid_h0.1_l0.01_n2_t2,hybrid,0.15,3:0,0.0,0.1,0.01,2,20,1.0,2,3744824324,262144,8,0.2,3.165864,82803.30424806624,92,0.26436781609195403,1,1,0,2.5132830000000004,0.6513339999999999,sr,True,
exit,exit_hybrid_h0.1_l0.01_n3_t2,hybrid,0.15,3:0,0.0,0.1,0.01,3,20,1.0,2,3744824324,262144,8,0.2,3.23418,81054.23940535159,112,0.30434782608695654,1,1,0,3.198812,0.03367799999999965,sr,True,
exit,exit_hybrid_h0.1_l0.02_n1_t2,hybrid,0.15,3:0,0.0,0.1,0.02,1,20,1.0,2,3744824324,262144,8,0.2,3.145031,83351.80161976146,61,0.19242902208201892,2,2,0,1.2671439999999998,1.8767230000000001,gbn,True,
exit,exit_hybrid_h0.1_l0.02_n2_t2,hybrid,0.15,3:0,0.0,0.1,0.02,2,20,1.0,2,3744824324,262144,8,0.2,3.185099,82303.2502286428,92,0.26436781609195403,1,1,0,2.5073239999999997,0.6765630000000002,sr,True,
exit,exit_hybrid_h0.1_l0.02_n3_t2,hybrid,0.15,3:0,0.0,0.1,0.02,3,20,1.0,2,3744824324,262144,8,0.2,3.198673,81953.9852932763,112,0.30434782608695654,1,1,0,3.1551240000000003,0.0422769999999999,sr,True,
exit,exit_hybrid_h0.1_l0.05_n1_t2,hybrid,0.15,3:0,0.0,0.1,0.05,1,20,1.0,2,3744824324,262144,8,0.2,3.160022,82956.38448086753,61,0.19242902208201892,2,2,0,1.25583,1.902214,gbn,True,
exit,exit_hybrid_h0.1_l0.05_n2_t2,hybrid,0.15,3:0,0.0,0.1,0.05,2,20,1.0,2,3744824324,262144,8,0.2,3.184865,82309.29725435772,92,0.26436781609195403,1,1,0,2.5212329999999996,0.662471,sr,True,
exit,exit_hybrid_h0.1_l0.05_n3_t2,hybrid,0.15,3:0,0.0,0.1,0.05,3,20,1.0,2,3744824324,262144,8,0.2,3.198878,81948.73327460441,112,0.30434782608695654,1,1,0,3.157387,0.04034000000000004,sr,True,
exit,exit_hybrid_h0.1_l0.1_n1_t2,hybrid,0.15,3:0,0.0,0.1,0.1,1,20,1.0,2,3744824324,262144,8,0.2,3.171907,82645.55045277179,61,0.19242902208201892,2,2,0,1.2934889999999999,1.8771220000000002,gbn,True,
exit,exit_hybrid_h0.1_l0.1_n2_t2,hybrid,0.15,3:0,0.0,0.1,0.1,2,20,1.0,2,3744824324,262144,8,0.2,3.160375,82947.1186172527,92,0.26436781609195403,1,1,0,2.499082,0.6587100000000001,sr,True,
exit,exit_hybrid_h0.1_l0.1_n3_t2,hybrid,0.15,3:0,0.0,0.1,0.1,3,20,1.0,2,3744824324,262144,8,0.2,3.068621,85427.29779923947,110,0.3005464480874317,1,1,0,3.0370410000000003,0.030377999999999794,sr,True,
flap,flap_gbn_t0,gbn,0.06,2.5:0.01;5:0.06;7.5:0.01;10:0.06;12.5:0.01,0.0,,,,,,0,2817847012,3145728,8,0.2,14.45526,217618.22340103186,528,0.14666666666666667,0,0,0,14.448353000000001,0.0,gbn,True,
flap,flap_sr_t0,sr,0.06,2.5:0.01;5:0.06;7.5:0.01;10:0.06;12.5:0.01,0.0,,,,,,0,2817847012,3145728,8,0.2,13.727773,229150.64227824865,71,0.02258988227807827,0,0,0,0.0,13.719405,sr,True,
flap,flap_hybrid_h0.1_l0.02_n1_t0,hybrid,0.06,2.5:0.01;5:0.06;7.5:0.01;10:0.06;12.5:0.01,0.0,0.1,0.02,1,20,1.0,0,2817847012,3145728,8,0.2,14.082008,223386.32388221906,239,0.0721836303231652,9,9,0,5.597177000000002,8.471153999999999,sr,True,
flap,flap_hybrid_h0.1_l0.02_n2_t0,hybrid,0.06,2.5:0.01;5:0.06;7.5:0.01;10:0.06;12.5:0.01,0.0,0.1,0.02,2,20,1.0,0,2817847012,3145728,8,0.2,13.716509,229338.82083261857,263,0.07886056971514242,7,7,0,6.339014000000001,7.363414999999999,sr,True,
flap,flap_hybrid_h0.1_l0.02_n3_t0,hybrid,0.06,2.5:0.01;5:0.06;7.5:0.01;10:0.06;12.5:0.01,0.0,0.1,0.02,3,20,1.0,0,2817847012,3145728,8,0.2,13.739145,228960.9724622602,261,0.0783078307830783,6,6,0,6.145339000000001,7.5869040000000005,gbn,True,
flap,flap_gbn_t1,gbn,0.06,2.5:0.01;5:0.06;7.5:0.01;10:0.06;12.5:0.01,0.0,,,,,,1,1579063314,3145728,8,0.2,13.815264,227699.44895732717,504,0.14093959731543623,0,0,0,13.806477000000001,0.0,gbn,True,
flap,flap_sr_t1,sr,0.06,2.5:0.01;5:0.06;7.5:0.01;10:0.06;12.5:0.01,0.0,,,,,,1,1579063314,3145728,8,0.2,12.949372,242925.13953572419,70,0.022278803309993635,0,0,0,0.0,12.938865,sr,True,
flap,flap_hybrid_h0.1_l0.02_n1_t1,hybrid,0.06,2.5:0.01;5:0.06;7.5:0.01;10:0.06;12.5:0.01,0.0,0.1,0.02,1,20,1.0,1,1579063314,3145728,8,0.2,13.279104,236893.09158208265,247,0.07442000602591142,9,9,0,5.758936999999998,7.510377000000002,sr,True,
flap,flap_hybrid_h0.1_l0.02_n2_t1,hybrid,0.06,2.5:0.01;5:0.06;7.5:0.01;10:0.06;12.5:0.01,0.0,0.1,0.02,2,20,1.0,1,1579063314,3145728,8,0.2,13.460668,233697.7629936345,283,0.08435171385991058,8,8,0,6.8456519999999985,6.6043400000000005,gbn,True,
flap,flap_hybrid_h0.1_l0.02_n3_t1,hybrid,0.06,2.5:0.01;5:0.06;7.5:0.01;10:0.06;12.5:0.01,0.0,0.1,0.02,3,20,1.0,1,1579063314,3145728,8,0.2,13.096943,240187.95836555143,185,0.056800736874424315,4,4,0,3.7629760000000005,9.326441999999998,gbn,True,
flap,flap_gbn_t2,gbn,0.06,2.5:0.01;5:0.06;7.5:0.01;10:0.06;12.5:0.01,0.0,,,,,,2,1616023751,3145728,8,0.2,13.280236,236872.89894547054,480,0.13513513513513514,0,0,0,13.268119,0.0,gbn,True,
flap,flap_sr_t2,sr,0.06,2.5:0.01;5:0.06;7.5:0.01;10:0.06;12.5:0.01,0.0,,,,,,2,1616023751,3145728,8,0.2,12.823491,245309.79902430624,77,0.024452207049857098,0,0,0,0.0,12.816803,sr,True,
flap,flap_hybrid_h0.1_l0.02_n1_t2,hybrid,0.06,2.5:0.01;5:0.06;7.5:0.01;10:0.06;12.5:0.01,0.0,0.1,0.02,1,20,1.0,2,1616023751,3145728,8,0.2,12.775157,246237.91316224137,192,0.058823529411764705,6,6,0,3.7782010000000006,8.988211,gbn,True,
flap,flap_hybrid_h0.1_l0.02_n2_t2,hybrid,0.06,2.5:0.01;5:0.06;7.5:0.01;10:0.06;12.5:0.01,0.0,0.1,0.02,2,20,1.0,2,1616023751,3145728,8,0.2,12.966296,242608.06632827138,194,0.05939987752602572,6,6,0,3.9747199999999996,8.97862,gbn,True,
flap,flap_hybrid_h0.1_l0.02_n3_t2,hybrid,0.06,2.5:0.01;5:0.06;7.5:0.01;10:0.06;12.5:0.01,0.0,0.1,0.02,3,20,1.0,2,1616023751,3145728,8,0.2,12.959581,242733.77356875967,220,0.06682867557715674,6,6,0,4.676460000000001,8.277851,gbn,True,
confirm,confirm_gbn_L0_t0,gbn,0.0,,0.0,,,,,,0,117366552,262144,8,0.2,0.023664,11077755.240027044,0,0.0,0,0,0,0.022866,0.0,gbn,True,
confirm,confirm_sr_L0_t0,sr,0.0,,0.0,,,,,,0,117366552,262144,8,0.2,0.021852,11996339.007871132,0,0.0,0,0,0,0.0,0.021154,sr,True,
confirm,confirm_fixed-hybrid_L0_t0,fixed-hybrid,0.0,,0.0,0.1,0.02,3,20,1.0,0,117366552,262144,8,0.2,0.027538,9519355.07299005,0,0.0,0,0,0,0.026833,0.0,gbn,True,
confirm,confirm_hybrid_L0_t0,hybrid,0.0,,0.0,0.1,0.02,3,20,1.0,0,117366552,262144,8,0.2,0.028045,9347263.32679622,0,0.0,0,0,0,0.027231,0.0,gbn,True,
confirm,confirm_gbn_L0_t1,gbn,0.0,,0.0,,,,,,1,1052058246,262144,8,0.2,0.023736,11044152.342433434,0,0.0,0,0,0,0.022969000000000003,0.0,gbn,True,
confirm,confirm_sr_L0_t1,sr,0.0,,0.0,,,,,,1,1052058246,262144,8,0.2,0.0263,9967452.47148289,0,0.0,0,0,0,0.0,0.02536,sr,True,
confirm,confirm_fixed-hybrid_L0_t1,fixed-hybrid,0.0,,0.0,0.1,0.02,3,20,1.0,1,1052058246,262144,8,0.2,0.027147,9656462.960916491,0,0.0,0,0,0,0.026128000000000002,0.0,gbn,True,
confirm,confirm_hybrid_L0_t1,hybrid,0.0,,0.0,0.1,0.02,3,20,1.0,1,1052058246,262144,8,0.2,0.023254,11273071.299561366,0,0.0,0,0,0,0.022554,0.0,gbn,True,
confirm,confirm_gbn_L0_t2,gbn,0.0,,0.0,,,,,,2,3508533428,262144,8,0.2,0.023862,10985835.219176933,0,0.0,0,0,0,0.023042000000000003,0.0,gbn,True,
confirm,confirm_sr_L0_t2,sr,0.0,,0.0,,,,,,2,3508533428,262144,8,0.2,0.026536,9878806.150135664,0,0.0,0,0,0,0.0,0.025834,sr,True,
confirm,confirm_fixed-hybrid_L0_t2,fixed-hybrid,0.0,,0.0,0.1,0.02,3,20,1.0,2,3508533428,262144,8,0.2,0.048133,5446242.70251179,0,0.0,0,0,0,0.046938,0.0,gbn,True,
confirm,confirm_hybrid_L0_t2,hybrid,0.0,,0.0,0.1,0.02,3,20,1.0,2,3508533428,262144,8,0.2,0.047861,5477194.375378701,0,0.0,0,0,0,0.046173,0.0,gbn,True,
confirm,confirm_gbn_L0.01_t0,gbn,0.01,,0.0,,,,,,0,2583162397,262144,8,0.2,0.67808,386597.45162812644,24,0.08571428571428572,0,0,0,0.676727,0.0,gbn,True,
confirm,confirm_sr_L0.01_t0,sr,0.01,,0.0,,,,,,0,2583162397,262144,8,0.2,0.462772,566464.6953575411,3,0.011583011583011582,0,0,0,0.0,0.45982900000000004,sr,True,
confirm,confirm_fixed-hybrid_L0.01_t0,fixed-hybrid,0.01,,0.0,0.1,0.02,3,20,1.0,0,2583162397,262144,8,0.2,0.682323,384193.40986600186,24,0.08571428571428572,0,0,0,0.6799069999999999,0.0,gbn,True,
confirm,confirm_hybrid_L0.01_t0,hybrid,0.01,,0.0,0.1,0.02,3,20,1.0,0,2583162397,262144,8,0.2,0.668057,392397.6546911416,24,0.08571428571428572,0,0,0,0.666856,0.0,gbn,True,
confirm,confirm_gbn_L0.01_t1,gbn,0.01,,0.0,,,,,,1,2670291032,262144,8,0.2,0.653323,401247.1625826735,17,0.06227106227106227,0,0,0,0.651704,0.0,gbn,True,
confirm,confirm_sr_L0.01_t1,sr,0.01,,0.0,,,,,,1,2670291032,262144,8,0.2,0.469615,558210.4489848067,2,0.007751937984496124,0,0,0,0.0,0.467959,sr,True,
confirm,confirm_fixed-hybrid_L0.01_t1,fixed-hybrid,0.01,,0.0,0.1,0.02,3,20,1.0,1,2670291032,262144,8,0.2,0.656742,399158.2691528789,17,0.06227106227106227,0,0,0,0.654232,0.0,gbn,True,
confirm,confirm_hybrid_L0.01_t1,hybrid,0.01,,0.0,0.1,0.02,3,20,1.0,1,2670291032,262144,8,0.2,0.678616,386292.1003925637,17,0.06227106227106227,0,0,0,0.676473,0.0,gbn,True,
confirm,confirm_gbn_L0.01_t2,gbn,0.01,,0.0,,,,,,2,2821695095,262144,8,0.2,0.674438,388685.0978147732,24,0.08571428571428572,0,0,0,0.6733,0.0,gbn,True,
confirm,confirm_sr_L0.01_t2,sr,0.01,,0.0,,,,,,2,2821695095,262144,8,0.2,0.672467,389824.33338736324,3,0.011583011583011582,0,0,0,0.0,0.66992,sr,True,
confirm,confirm_fixed-hybrid_L0.01_t2,fixed-hybrid,0.01,,0.0,0.1,0.02,3,20,1.0,2,2821695095,262144,8,0.2,0.683855,383332.72404237743,24,0.08571428571428572,0,0,0,0.682666,0.0,gbn,True,
confirm,confirm_hybrid_L0.01_t2,hybrid,0.01,,0.0,0.1,0.02,3,20,1.0,2,2821695095,262144,8,0.2,0.697165,376014.286431476,24,0.08571428571428572,0,0,0,0.6949620000000001,0.0,gbn,True,
confirm,confirm_gbn_L0.02_t0,gbn,0.02,,0.0,,,,,,0,2129267529,262144,8,0.2,1.302245,201301.59839354345,45,0.14950166112956811,0,0,0,1.2998170000000002,0.0,gbn,True,
confirm,confirm_sr_L0.02_t0,sr,0.02,,0.0,,,,,,0,2129267529,262144,8,0.2,1.065041,246135.12531442454,8,0.030303030303030304,0,0,0,0.0,1.063661,sr,True,
confirm,confirm_fixed-hybrid_L0.02_t0,fixed-hybrid,0.02,,0.0,0.1,0.02,3,20,1.0,0,2129267529,262144,8,0.2,1.496711,175146.70500851536,47,0.1551155115511551,0,1,0,1.494526,0.0,gbn,True,
confirm,confirm_hybrid_L0.02_t0,hybrid,0.02,,0.0,0.1,0.02,3,20,1.0,0,2129267529,262144,8,0.2,1.328408,197336.96274036288,41,0.13804713804713806,1,1,0,1.09957,0.226804,sr,True,
confirm,confirm_gbn_L0.02_t1,gbn,0.02,,0.0,,,,,,1,2251894886,262144,8,0.2,0.881111,297515.2960296716,32,0.1111111111111111,0,0,0,0.879407,0.0,gbn,True,
confirm,confirm_sr_L0.02_t1,sr,0.02,,0.0,,,,,,1,2251894886,262144,8,0.2,0.698946,375056.15598343796,4,0.015384615384615385,0,0,0,0.0,0.6977,sr,True,
confirm,confirm_fixed-hybrid_L0.02_t1,fixed-hybrid,0.02,,0.0,0.1,0.02,3,20,1.0,1,2251894886,262144,8,0.2,0.88238,297087.422652372,32,0.1111111111111111,0,0,0,0.8812170000000001,0.0,gbn,True,
confirm,confirm_hybrid_L0.02_t1,hybrid,0.02,,0.0,0.1,0.02,3,20,1.0,1,2251894886,262144,8,0.2,0.894848,292948.0760978401,32,0.1111111111111111,0,0,0,0.893526,0.0,gbn,True,
confirm,confirm_gbn_L0.02_t2,gbn,0.02,,0.0,,,,,,2,1457806780,262144,8,0.2,0.456793,573879.196922895,16,0.058823529411764705,0,0,0,0.454775,0.0,gbn,True,
confirm,confirm_sr_L0.02_t2,sr,0.02,,0.0,,,,,,2,1457806780,262144,8,0.2,0.471611,555847.9339964505,3,0.011583011583011582,0,0,0,0.0,0.47056600000000004,sr,True,
confirm,confirm_fixed-hybrid_L0.02_t2,fixed-hybrid,0.02,,0.0,0.1,0.02,3,20,1.0,2,1457806780,262144,8,0.2,0.466942,561405.9133682556,16,0.058823529411764705,0,0,0,0.465766,0.0,gbn,True,
confirm,confirm_hybrid_L0.02_t2,hybrid,0.02,,0.0,0.1,0.02,3,20,1.0,2,1457806780,262144,8,0.2,0.452544,579267.4303493141,16,0.058823529411764705,0,0,0,0.45170299999999997,0.0,gbn,True,
confirm,confirm_gbn_L0.05_t0,gbn,0.05,,0.0,,,,,,0,2360410654,262144,8,0.2,3.826548,68506.65403909738,144,0.36,0,0,0,3.82518,0.0,gbn,True,
confirm,confirm_sr_L0.05_t0,sr,0.05,,0.0,,,,,,0,2360410654,262144,8,0.2,2.506412,104589.34923707675,16,0.058823529411764705,0,0,0,0.0,2.505338,sr,True,
confirm,confirm_fixed-hybrid_L0.05_t0,fixed-hybrid,0.05,,0.0,0.1,0.02,3,20,1.0,0,2360410654,262144,8,0.2,3.80685,68861.1319069572,137,0.3486005089058524,0,1,0,3.8050119999999996,0.0,gbn,True,
confirm,confirm_hybrid_L0.05_t0,hybrid,0.05,,0.0,0.1,0.02,3,20,1.0,0,2360410654,262144,8,0.2,3.576966,73286.69045218769,60,0.189873417721519,1,1,0,1.490566,2.084889,sr,True,
confirm,confirm_gbn_L0.05_t1,gbn,0.05,,0.0,,,,,,1,3600293605,262144,8,0.2,2.58401,101448.52380602242,93,0.2664756446991404,0,0,0,2.581096,0.0,gbn,True,
confirm,confirm_sr_L0.05_t1,sr,0.05,,0.0,,,,,,1,3600293605,262144,8,0.2,2.127401,123222.65524929245,12,0.04477611940298507,0,0,0,0.0,2.126235,sr,True,
confirm,confirm_fixed-hybrid_L0.05_t1,fixed-hybrid,0.05,,0.0,0.1,0.02,3,20,1.0,1,3600293605,262144,8,0.2,2.562143,102314.3516969974,94,0.26857142857142857,0,1,0,2.5606359999999997,0.0,gbn,True,
confirm,confirm_hybrid_L0.05_t1,hybrid,0.05,,0.0,0.1,0.02,3,20,1.0,1,3600293605,262144,8,0.2,2.340855,111986.43230785333,60,0.189873417721519,1,1,0,1.477924,0.8616489999999999,sr,True,
confirm,confirm_gbn_L0.05_t2,gbn,0.05,,0.0,,,,,,2,3282538468,262144,8,0.2,3.772076,69495.9486500272,144,0.36,0,0,0,3.7697530000000006,0.0,gbn,True,
confirm,confirm_sr_L0.05_t2,sr,0.05,,0.0,,,,,,2,3282538468,262144,8,0.2,2.335761,112230.66058556504,15,0.055350553505535055,0,0,0,0.0,2.3341730000000003,sr,True,
confirm,confirm_fixed-hybrid_L0.05_t2,fixed-hybrid,0.05,,0.0,0.1,0.02,3,20,1.0,2,3282538468,262144,8,0.2,3.815872,68698.32111768948,144,0.36,0,1,0,3.8132610000000002,0.0,gbn,True,
confirm,confirm_hybrid_L0.05_t2,hybrid,0.05,,0.0,0.1,0.02,3,20,1.0,2,3282538468,262144,8,0.2,3.390572,77315.56799265728,81,0.2403560830860534,1,1,0,1.908169,1.4811280000000002,sr,True,
confirm,confirm_gbn_L0.1_t0,gbn,0.1,,0.0,,,,,,0,4281295008,262144,8,0.2,6.304732,41578.92833509815,226,0.46887966804979253,0,0,0,6.3033209999999995,0.0,gbn,True,
confirm,confirm_sr_L0.1_t0,sr,0.1,,0.0,,,,,,0,4281295008,262144,8,0.2,3.373254,77712.49956273675,24,0.08571428571428572,0,0,0,0.0,3.3712870000000006,sr,True,
confirm,confirm_fixed-hybrid_L0.1_t0,fixed-hybrid,0.1,,0.0,0.1,0.02,3,20,1.0,0,4281295008,262144,8,0.2,6.736577,38913.53130825938,241,0.48490945674044267,0,1,0,6.735335,0.0,gbn,True,
confirm,confirm_hybrid_L0.1_t0,hybrid,0.1,,0.0,0.1,0.02,3,20,1.0,0,4281295008,262144,8,0.2,4.70183,55753.610828124365,122,0.32275132275132273,1,1,0,2.969967,1.7290720000000004,sr,True,
confirm,confirm_gbn_L0.1_t1,gbn,0.1,,0.0,,,,,,1,6254634,262144,8,0.2,5.519361,47495.35317584771,208,0.4482758620689655,0,0,0,5.517332,0.0,gbn,True,
confirm,confirm_sr_L0.1_t1,sr,0.1,,0.0,,,,,,1,6254634,262144,8,0.2,5.018588,52234.61260418269,32,0.1111111111111111,0,0,0,0.0,5.016409,sr,True,
confirm,confirm_fixed-hybrid_L0.1_t1,fixed-hybrid,0.1,,0.0,0.1,0.02,3,20,1.0,1,6254634,262144,8,0.2,6.546349,40044.30561218169,208,0.4482758620689655,0,1,0,6.5451559999999995,0.0,gbn,True,
confirm,confirm_hybrid_L0.1_t1,hybrid,0.1,,0.0,0.1,0.02,3,20,1.0,1,6254634,262144,8,0.2,4.429034,59187.624208800386,93,0.2664756446991404,1,1,0,1.909831,2.5168139999999997,sr,True,
confirm,confirm_gbn_L0.1_t2,gbn,0.1,,0.0,,,,,,2,3126256502,262144,8,0.2,4.787992,54750.30033467057,144,0.36,0,0,0,4.787119000000001,0.0,gbn,True,
confirm,confirm_sr_L0.1_t2,sr,0.1,,0.0,,,,,,2,3126256502,262144,8,0.2,4.5688,57376.9917702679,23,0.08243727598566308,0,0,0,0.0,4.567642,sr,True,
confirm,confirm_fixed-hybrid_L0.1_t2,fixed-hybrid,0.1,,0.0,0.1,0.02,3,20,1.0,2,3126256502,262144,8,0.2,4.0173,65253.77741269012,145,0.36159600997506236,0,1,0,4.014785999999999,0.0,gbn,True,
confirm,confirm_hybrid_L0.1_t2,hybrid,0.1,,0.0,0.1,0.02,3,20,1.0,2,3126256502,262144,8,0.2,3.627226,72271.20670176051,93,0.2664756446991404,1,1,0,2.141022,1.484908,sr,True,
confirm,confirm_gbn_L0.2_t0,gbn,0.2,,0.0,,,,,,0,2466909176,262144,8,0.2,12.109097,21648.517639259146,464,0.6444444444444445,0,0,0,12.107449,0.0,gbn,True,
confirm,confirm_sr_L0.2_t0,sr,0.2,,0.0,,,,,,0,2466909176,262144,8,0.2,6.624658,39570.94841726169,58,0.18471337579617833,0,0,0,0.0,6.623005,sr,True,
confirm,confirm_fixed-hybrid_L0.2_t0,fixed-hybrid,0.2,,0.0,0.1,0.02,3,20,1.0,0,2466909176,262144,8,0.2,13.150856,19933.607363657546,456,0.6404494382022472,0,1,0,13.149310999999999,0.0,gbn,True,
confirm,confirm_hybrid_L0.2_t0,hybrid,0.2,,0.0,0.1,0.02,3,20,1.0,0,2466909176,262144,8,0.2,8.395338,31224.948894255358,150,0.3694581280788177,1,1,0,3.8066310000000003,4.586316000000001,sr,True,
confirm,confirm_gbn_L0.2_t1,gbn,0.2,,0.0,,,,,,1,1295656166,262144,8,0.2,13.790768,17820.617386935955,520,0.6770833333333334,0,0,0,13.788628000000001,0.0,gbn,False,segment 240 unacknowledged after 10 retransmissions — aborting
confirm,confirm_sr_L0.2_t1,sr,0.2,,0.0,,,,,,1,1295656166,262144,8,0.2,6.29877,41618.28420469393,67,0.20743034055727555,0,0,0,0.0,6.297307,sr,True,
confirm,confirm_fixed-hybrid_L0.2_t1,fixed-hybrid,0.2,,0.0,0.1,0.02,3,20,1.0,1,1295656166,262144,8,0.2,14.827034,17265.759288068,514,0.6675324675324675,0,1,0,14.825776999999999,0.0,gbn,False,segment 250 unacknowledged after 10 retransmissions — aborting
confirm,confirm_hybrid_L0.2_t1,hybrid,0.2,,0.0,0.1,0.02,3,20,1.0,1,1295656166,262144,8,0.2,12.982301,20192.414272323527,158,0.38164251207729466,1,1,0,3.932254,9.047585999999999,sr,True,
confirm,confirm_gbn_L0.2_t2,gbn,0.2,,0.0,,,,,,2,2865629880,262144,8,0.2,14.857907,17643.40024473164,565,0.6881851400730816,0,0,0,14.855450000000001,0.0,gbn,True,
confirm,confirm_sr_L0.2_t2,sr,0.2,,0.0,,,,,,2,2865629880,262144,8,0.2,6.622813,39581.972192178764,64,0.2,0,0,0,0.0,6.621651999999999,sr,True,
confirm,confirm_fixed-hybrid_L0.2_t2,fixed-hybrid,0.2,,0.0,0.1,0.02,3,20,1.0,2,2865629880,262144,8,0.2,15.725148,16670.367744710573,554,0.6839506172839506,0,1,0,15.723922,0.0,gbn,True,
confirm,confirm_hybrid_L0.2_t2,hybrid,0.2,,0.0,0.1,0.02,3,20,1.0,2,2865629880,262144,8,0.2,9.88313,26524.390552385732,216,0.4576271186440678,1,1,0,4.465066,5.416925999999999,sr,True,
rtt-check,rtt50_gbn_t0,gbn,0.1,,50.0,,,,,,0,1792320061,262144,8,0.2,8.23043,31850.583748358225,198,0.43612334801762115,0,0,0,8.229307,0.0,gbn,True,
rtt-check,rtt50_sr_t0,sr,0.1,,50.0,,,,,,0,1792320061,262144,8,0.2,5.617732,46663.67138909439,31,0.10801393728222997,0,0,0,0.0,5.616522,sr,True,
rtt-check,rtt50_hybrid_t0,hybrid,0.1,,50.0,0.1,0.02,3,20,1.0,0,1792320061,262144,8,0.2,6.919867,37882.809019306296,93,0.2664756446991404,1,1,0,2.756463,4.162166,sr,True,
rtt-check,rtt50_gbn_t1,gbn,0.1,,50.0,,,,,,1,105635237,262144,8,0.2,12.710221,20624.661050346804,288,0.5294117647058824,0,0,0,12.709244000000002,0.0,gbn,True,
rtt-check,rtt50_sr_t1,sr,0.1,,50.0,,,,,,1,105635237,262144,8,0.2,7.657047,34235.652464977684,36,0.1232876712328767,0,0,0,0.0,7.656056,sr,True,
rtt-check,rtt50_hybrid_t1,hybrid,0.1,,50.0,0.1,0.02,3,20,1.0,1,105635237,262144,8,0.2,9.048223,28971.876577312472,96,0.2727272727272727,1,1,0,4.0268999999999995,5.0195110000000005,sr,True,
rtt-check,rtt50_gbn_t2,gbn,0.1,,50.0,,,,,,2,2053816838,262144,8,0.2,8.493768,30863.098686001314,216,0.4576271186440678,0,0,0,8.492384,0.0,gbn,True,
rtt-check,rtt50_sr_t2,sr,0.1,,50.0,,,,,,2,2053816838,262144,8,0.2,6.412704,40878.8554718883,20,0.07246376811594203,0,0,0,0.0,6.410815,sr,True,
rtt-check,rtt50_hybrid_t2,hybrid,0.1,,50.0,0.1,0.02,3,20,1.0,2,2053816838,262144,8,0.2,7.238132,36217.07921325557,113,0.3062330623306233,1,1,0,3.5888590000000002,3.647975,sr,True,
