experiment,condition,system,trial,run_id,loss_rate,ack_loss_rate,rtt_ms,jitter_ms,loss_schedule,seed,file_bytes,window_size,rto_s,completion_time_s,goodput_bytes_per_s,delivered_bytes,retransmission_count,retransmission_overhead,switch_count,handshake_count,gbn_residence_s,sr_residence_s,rtt_mean_ms,final_mode,integrity_success,status,error,wall_clock_s,started_utc,log_dir,sender_events_sha256,receiver_events_sha256
E1,loss00,gbn,0,E1_gbn_loss00_trial00,0.0,0.0,100.0,0.0,,2498852857,1048576,8,0.4,16.179544,64808.74862727899,1048576,0,0.0,0,0,16.176628,0.0,124.40594531249995,gbn,True,ok,,18.459,1789650359.074,C:\Users\Ishaan Gupta\Hybrid-ARQ\logs\experiments\E1_gbn_loss00_trial00,0e3073e5f45990ae9dbc915eb01786872edb447af10a64c93d84fba4f7b2fed5,97905c3d705bfe566814e959003b41c70b735ff8ce60062f16f5de3c868f2b6e
E1,loss00,sr,0,E1_sr_loss00_trial00,0.0,0.0,100.0,0.0,,2498852857,1048576,8,0.4,16.211992,64679.03512412294,1048576,0,0.0,0,0,0.0,16.207834,124.62328906249998,sr,True,ok,,18.509,1789650377.572,C:\Users\Ishaan Gupta\Hybrid-ARQ\logs\experiments\E1_sr_loss00_trial00,b796ce9319d05da21c1ec48892910fc75295aa3ed4082cd5dfdc217f68a11ece,e23ee992e604db52f104353b3905849734b7ca6521d877f921d10943a6033068
E1,loss00,hybrid,0,E1_hybrid_loss00_trial00,0.0,0.0,100.0,0.0,,2498852857,1048576,8,0.4,16.198222,64734.01833855592,1048576,0,0.0,0,0,16.195241000000003,0.0,124.50254492187497,gbn,True,ok,,18.482,1789650396.119,C:\Users\Ishaan Gupta\Hybrid-ARQ\logs\experiments\E1_hybrid_loss00_trial00,cd3f936770e0b9538c02c4edd6d0ebce8408a5f7e1111e2d54888955e09d3d49,7fb4547e86c78ecebf1cddbed2fb1da8f5007329e24e8483d7d391913a59750b
E1,loss00,fixed-hybrid,0,E1_fixed-hybrid_loss00_trial00,0.0,0.0,100.0,0.0,,2498852857,1048576,8,0.4,16.162702,64876.281205951826,1048576,0,0.0,0,0,16.15968,0.0,124.25429199218752,gbn,True,ok,,18.477,1789650414.638,C:\Users\Ishaan Gupta\Hybrid-ARQ\logs\experiments\E1_fixed-hybrid_loss00_trial00,42b9d175aef8e91638dead516a5bd751b59766dad037ba51f23d7d017c44749a,b6834f1ef4b72da8a88ed5f3fa15ca0071e2c0e795d3c15d0f0e58283c826530
E1,loss00,gbn,1,E1_gbn_loss00_trial01,0.0,0.0,100.0,0.0,,678752263,1048576,8,0.4,16.115671,65065.61222303434,1048576,0,0.0,0,0,16.11267,0.0,123.9206689453125,gbn,True,ok,,18.42,1789650433.157,C:\Users\Ishaan Gupta\Hybrid-ARQ\logs\experiments\E1_gbn_loss00_trial01,c4a4f1836812010629fa281eb7b60d1b259e981725bae538b82126746694d6c0,ecedb668b599b9eb9f23882effa964a04f953a348a1b61b67f112851206ca299
E1,loss00,sr,1,E1_sr_loss00_trial01,0.0,0.0,100.0,0.0,,678752263,1048576,8,0.4,16.182197,64798.12351808596,1048576,0,0.0,0,0,0.0,16.178952,124.45211523437501,sr,True,ok,,18.463,1789650451.623,C:\Users\Ishaan Gupta\Hybrid-ARQ\logs\experiments\E1_sr_loss00_trial01,4119c53459db986f76eb8b185c71c01a69e60a68e2baf2007241a5d9fbe3baff,5b296da1b8b7bf0996b361866b1ee10b00a1700662e2ff68e2fb77484cc9d00e
E1,loss00,hybrid,1,E1_hybrid_loss00_trial01,0.0,0.0,100.0,0.0,,678752263,1048576,8,0.4,16.216869,64659.583795121,1048576,0,0.0,0,0,16.213769,0.0,124.68673828125,gbn,True,ok,,18.499,1789650470.137,C:\Users\Ishaan Gupta\Hybrid-ARQ\logs\experiments\E1_hybrid_loss00_trial01,aea43ca7db05e4250a935dd45349703b2331091ed8e38a4594cceb872cda31cd,d527de528138495cd152b8cb0f7bc2a2df4d359b7cb50ac1bf16d1c1e4b8636a
E1,loss00,fixed-hybrid,1,E1_fixed-hybrid_loss00_trial01,0.0,0.0,100.0,0.0,,678752263,1048576,8,0.4,16.222193,64638.36301294159,1048576,0,0.0,0,0,16.218927,0.0,124.70178710937499,gbn,True,ok,,18.468,1789650488.687,C:\Users\Ishaan Gupta\Hybrid-ARQ\logs\experiments\E1_fixed-hybrid_loss00_trial01,432ceda7d2e6356949f0c6778b27f448c45d8de50baabefd14f3e6ba413a143a,ece128998acb4ff2ab56cdb53f156581082d3717bc1339d5ba6683ad6833774f
E1,loss00,gbn,2,E1_gbn_loss00_trial02,0.0,0.0,100.0,0.0,,4195520613,1048576,8,0.4,16.203996,64710.95154553235,1048576,0,0.0,0,0,16.20106,0.0,124.65629492187497,gbn,True,ok,,18.462,1789650507.18,C:\Users\Ishaan Gupta\Hybrid-ARQ\logs\experiments\E1_gbn_loss00_trial02,66e91325b16ce1689c3922190ac22438a2dbab24e109f84775b36e30588cf8b8,4121f16c1b21dfdf16020830beccd6e6bf394febb7a8135dfc5e13d0070b1652
E1,loss00,sr,2,E1_sr_loss00_trial02,0.0,0.0,100.0,0.0,,4195520613,1048576,8,0.4,16.22605,64622.99820350609,1048576,0,0.0,0,0,0.0,16.222331,124.80728515625,sr,True,ok,,18.472,1789650525.666,C:\Users\Ishaan Gupta\Hybrid-ARQ\logs\experiments\E1_sr_loss00_trial02,3563e4c2b676f9c5d70348a78997baa0c55d7e6ab92197c80f3ea1c5db19a867,124b35a9dd3fc713f0cd564d2312cc04b5fd565f2c404d1097804a270e86dd4c
E1,loss00,hybrid,2,E1_hybrid_loss00_trial02,0.0,0.0,100.0,0.0,,4195520613,1048576,8,0.4,16.191569,64760.617084113335,1048576,0,0.0,0,0,16.188317,0.0,124.4720859375,gbn,True,ok,,18.433,1789650544.161,C:\Users\Ishaan Gupta\Hybrid-ARQ\logs\experiments\E1_hybrid_loss00_trial02,dc5e66c6e3889a94794348f4426c26f5f4e86c7540bbf41c0f642447530548d9,850a5894a88e327a34c6057794fe10d713fd11ba0cb4240fe743811f40a31dea
E1,loss00,fixed-hybrid,2,E1_fixed-hybrid_loss00_trial02,0.0,0.0,100.0,0.0,,4195520613,1048576,8,0.4,16.219475,64649.19487221381,1048576,0,0.0,0,0,16.216596,0.0,124.73473730468748,gbn,True,ok,,18.457,1789650562.618,C:\Users\Ishaan Gupta\Hybrid-ARQ\logs\experiments\E1_fixed-hybrid_loss00_trial02,5556a3d954aff2f9eacea4d71dd35d7998b94642b601721ea53a13d7b2af0b0a,67978c772f619bbcb9d52fa0ae9a25fa04b892cd35e58fcf9c4d98d5da01d6c9
E1,loss00,gbn,3,E1_gbn_loss00_trial03,0.0,0.0,100.0,0.0,,1757465606,1048576,8,0.4,16.222423,64637.44657626053,1048576,0,0.0,0,0,16.219144999999997,0.0,124.68141699218752,gbn,True,ok,,18.475,1789650581.108,C:\Users\Ishaan Gupta\Hybrid-ARQ\logs\experiments\E1_gbn_loss00_trial03,d15dafe775fc2669b0b3d25b89849522c95e94e0e9fa49cbd1f19163d129e323,8b5ba11c4f0598b88da9c99731a76de459c7148427441482b25a2bf5e33e90bb
E1,loss00,sr,3,E1_sr_loss00_trial03,0.0,0.0,100.0,0.0,,1757465606,1048576,8,0.4,16.22326,64634.11176298722,1048576,0,0.0,0,0,0.0,16.220278,124.68029589843748,sr,True,ok,,18.469,1789650599.606,C:\Users\Ishaan Gupta\Hybrid-ARQ\logs\experiments\E1_sr_loss00_trial03,4688a55cac59f66666e794c3bf3e2e0fe97a2503e9cdf4520165ef8e43a49b92,b1d53fa94c27a42307fa8ab055a8f9a15c790484a8820bd475265ee8e446b7ec
E1,loss00,hybrid,3,E1_hybrid_loss00_trial03,0.0,0.0,100.0,0.0,,1757465606,1048576,8,0.4,16.213106,64674.59103764572,1048576,0,0.0,0,0,16.20999,0.0,124.63324121093748,gbn,True,ok,,18.457,1789650618.099,C:\Users\Ishaan Gupta\Hybrid-ARQ\logs\experiments\E1_hybrid_loss00_trial03,c4635e5de1616242727466271af675f28a2a381d944124426d98a124b583aa4d,9f8aaa41764a5ab7defc57d80ee310140875a9f0b0ba8480f3e5fad9e61cc5ea
E1,loss00,fixed-hybrid,3,E1_fixed-hybrid_loss00_trial03,0.0,0.0,100.0,0.0,,1757465606,1048576,8,0.4,16.209206,64690.15200374405,1048576,0,0.0,0,0,16.206184999999998,0.0,124.55429980468752,gbn,True,ok,,18.455,1789650636.578,C:\Users\Ishaan Gupta\Hybrid-ARQ\logs\experiments\E1_fixed-hybrid_loss00_trial03,15415372b87b25ba55af0460d19b68f68592e7a7864c05af29e89fad83491ad8,c95fbbe1dca979bccf30e0af0314f8307f5055d8fd24904199f6a56ff96ab3a4
E1,loss00,gbn,4,E1_gbn_loss00_trial04,0.0,0.0,100.0,0.0,,4278807304,1048576,8,0.4,16.173019,64834.89569881789,1048576,0,0.0,0,0,16.170186,0.0,124.367392578125,gbn,True,ok,,18.45,1789650655.058,C:\Users\Ishaan Gupta\Hybrid-ARQ\logs\experiments\E1_gbn_loss00_trial04,8288f099c9bc6948da846b52c25f94fd693037d007bafd45774d7f8f40bb912a,94fe6280bb316d453f0bf4186048cc75747113b71cdd684f70ccf45c60f66fcc
E1,loss00,sr,4,E1_sr_loss00_trial04,0.0,0.0,100.0,0.0,,4278807304,1048576,8,0.4,16.202303,64717.713278167925,1048576,0,0.0,0,0,0.0,16.199244,124.571150390625,sr,True,ok,,18.469,1789650673.564,C:\Users\Ishaan Gupta\Hybrid-ARQ\logs\experiments\E1_sr_loss00_trial04,201ce509e93769ab6f5d5c64ec980306fce2a3214cc39ea2476574dd998e8dbc,9d5154fafb022aaf15a2a2e8a23e36743a1a17cbf0efbfd0da791778a61f8d24
E1,loss00,hybrid,4,E1_hybrid_loss00_trial04,0.0,0.0,100.0,0.0,,4278807304,1048576,8,0.4,16.188222,64774.00668214211,1048576,0,0.0,0,0,16.184697,0.0,124.50422167968752,gbn,True,ok,,18.488,1789650692.058,C:\Users\Ishaan Gupta\Hybrid-ARQ\logs\experiments\E1_hybrid_loss00_trial04,a4f8936d41da9f21f30ddd22c80d48af85459a013ad1e6dd5f92b02373d3132c,0d1b8d4d8fb0a6f0d52525dc3cb50aa8980bd560f78a8aea148c75f6fa3cb811
E1,loss00,fixed-hybrid,4,E1_fixed-hybrid_loss00_trial04,0.0,0.0,100.0,0.0,,4278807304,1048576,8,0.4,16.168672,64852.32677117824,1048576,0,0.0,0,0,16.165480000000002,0.0,124.3691484375,gbn,True,ok,,18.43,1789650710.591,C:\Users\Ishaan Gupta\Hybrid-ARQ\logs\experiments\E1_fixed-hybrid_loss00_trial04,9f630aeb22ca7ad43c8d8a8726661fa104afa3220b850e6e5fde228e4bfa14f1,26efd0acfaf059f51f940018180be878051e20bc9b24941fa10fdc73e8a622dd
E2,loss01,gbn,0,E2_gbn_loss01_trial00,0.01,0.0,100.0,0.0,,3943874766,1048576,8,0.4,20.99322,49948.31664699365,1048576,80,0.07246376811594203,0,0,20.990128,0.0,124.58170762711865,gbn,True,ok,,23.291,1789650729.046,C:\Users\Ishaan Gupta\Hybrid-ARQ\logs\experiments\E2_gbn_loss01_trial00,157b785c75dc42a08f4172d7189a5219946981d114e9a96fbe58ca57b4832a53,9bb6b7a19523703d8d8154ae2d03f6963e7bd73bac03c715cf4df4505ef7a294
E2,loss01,sr,0,E2_sr_loss01_trial00,0.01,0.0,100.0,0.0,,3943874766,1048576,8,0.4,19.491291,53797.15484212923,1048576,13,0.01253616200578592,0,0,0.0,19.488127,124.61117507418395,sr,True,ok,,21.748,1789650752.384,C:\Users\Ishaan Gupta\Hybrid-ARQ\logs\experiments\E2_sr_loss01_trial00,f83d215d8a036317f7ebcb7212942033ee4064ccd95a360edcbb75bcefc29754,cb9e88f0aec10ff6e2fd8a0b9db52d3fc7cf2185241c4a460b83a0028258ab78
E2,loss01,hybrid,0,E2_hybrid_loss01_trial00,0.01,0.0,100.0,0.0,,3943874766,1048576,8,0.4,21.574236,48603.15795192006,1048576,59,0.05447830101569714,6,6,13.768385999999998,7.802351000000002,124.28582176165801,gbn,True,ok,,23.821,1789650774.157,C:\Users\Ishaan Gupta\Hybrid-ARQ\logs\experiments\E2_hybrid_loss01_trial00,1ff0a45f335f16068831f6b5d7ea77d11b1b2343968a50c6b2bde479ffaffa73,0622a344f24aedf07fe924d1d18a2abfcb80794a6d01eef88e933141b796de3a
E2,loss01,fixed-hybrid,0,E2_fixed-hybrid_loss01_trial00,0.01,0.0,100.0,0.0,,3943874766,1048576,8,0.4,21.845879,47998.80105533863,1048576,79,0.07162284678150499,0,6,21.842886999999997,0.0,124.29911005291004,gbn,True,ok,,24.118,1789650798.002,C:\Users\Ishaan Gupta\Hybrid-ARQ\logs\experiments\E2_fixed-hybrid_loss01_trial00,b41ad16702085ff445d859d600a5e19fc1c0d14177d926173631d652047941bd,042bdaa60ae8adf2866808af085f070e0a52f9ac301bce27fcf24cfd6c6a1058
E2,loss01,gbn,1,E2_gbn_loss01_trial01,0.01,0.0,100.0,0.0,,3083596271,1048576,8,0.4,19.927851,52618.61903724591,1048576,64,0.058823529411764705,0,0,19.924726,0.0,124.44652083333327,gbn,True,ok,,22.21,1789650822.157,C:\Users\Ishaan Gupta\Hybrid-ARQ\logs\experiments\E2_gbn_loss01_trial01,ea062170ffd67d1ce70966a5cee2dd27d4ab8302af1d7e865422193f1ab59e4c,9dbf30a4e9c05e746356eb320d7ed626c67f9780067a08cad95c6016bbe7ea4c
E2,loss01,sr,1,E2_sr_loss01_trial01,0.01,0.0,100.0,0.0,,3083596271,1048576,8,0.4,19.038274,55077.26173076403,1048576,9,0.008712487899322363,0,0,0.0,19.035364,124.3258088669951,sr,True,ok,,21.318,1789650844.424,C:\Users\Ishaan Gupta\Hybrid-ARQ\logs\experiments\E2_sr_loss01_trial01,773871a188a2bf3299b7a8501e3524265d5cc582635d8a342639c5ee0d55995e,826f3dc56f2423452dec6e15fd71212e78fb2e1019e8b2cde5739eb697d6bec7
E2,loss01,hybrid,1,E2_hybrid_loss01_trial01,0.01,0.0,100.0,0.0,,3083596271,1048576,8,0.4,20.816223,50373.019159143325,1048576,57,0.05272895467160037,6,6,14.418225999999999,6.3948360000000015,124.53133092037224,gbn,True,ok,,23.079,1789650865.779,C:\Users\Ishaan Gupta\Hybrid-ARQ\logs\experiments\E2_hybrid_loss01_trial01,5b3962031eb49cef1a68b287a5e0e79bc2bdbd5e178078667f648e2cb40f55c8,e05444604a03e1e88204da1af558091f897851ed64603597b1d4fb4f5bb56a4f
E2,loss01,fixed-hybrid,1,E2_fixed-hybrid_loss01_trial01,0.01,0.0,100.0,0.0,,3083596271,1048576,8,0.4,20.798521,50415.89255312914,1048576,64,0.058823529411764705,0,6,20.795376,0.0,124.42861666666667,gbn,True,ok,,23.06,1789650888.883,C:\Users\Ishaan Gupta\Hybrid-ARQ\logs\experiments\E2_fixed-hybrid_loss01_trial01,f0bd68c196c8530bc82f63273dbaeca6d05947499c33f08aff02589e86a609bd,9cb128a16607a5893d50e8757a5b497e0e4604fa47ff5d6152e89cb500117679
E2,loss01,gbn,2,E2_gbn_loss01_trial02,0.01,0.0,100.0,0.0,,1529731781,1048576,8,0.4,22.60432,46388.300997331484,1048576,112,0.09859154929577464,0,0,22.601181,0.0,124.4079437229437,gbn,True,ok,,24.948,1789650911.971,C:\Users\Ishaan Gupta\Hybrid-ARQ\logs\experiments\E2_gbn_loss01_trial02,e54c0272108db2384d48dc5ad36717c0cee14222f308351255ca0344a844e8c1,2b061f0971bb355e469139b71371b71a955b0a5db4ac10122badc6072ada279f
E2,loss01,sr,2,E2_sr_loss01_trial02,0.01,0.0,100.0,0.0,,1529731781,1048576,8,0.4,20.931189,50096.34187527522,1048576,13,0.01253616200578592,0,0,0.0,20.928078,124.41453656126482,sr,True,ok,,23.23,1789650936.96,C:\Users\Ishaan Gupta\Hybrid-ARQ\logs\experiments\E2_sr_loss01_trial02,f5e92ca3cc5fdfc4f40e42ef2ab88595cc943cae40eb831158a76b4ef49b5ba8,ae789313ab89f3008868b272657bfc97a1fa3bb99014510cc190f4a3ec1e6641
E2,loss01,hybrid,2,E2_hybrid_loss01_trial02,0.01,0.0,100.0,0.0,,1529731781,1048576,8,0.4,23.215094,45167.85501708501,1048576,77,0.06993642143505904,6,6,14.227758000000001,8.984058999999998,124.35388025210085,gbn,True,ok,,25.535,1789650960.237,C:\Users\Ishaan Gupta\Hybrid-ARQ\logs\experiments\E2_hybrid_loss01_trial02,856abd40395f556870be34e4029cc7cb4a9b8ffb1536a38d39b3b24761c2ac1b,a8a010a38b25dc4192ca9dd7ffd5cacb49db24e3a192a0c6452574cd312603b1
E2,loss01,fixed-hybrid,2,E2_fixed-hybrid_loss01_trial02,0.01,0.0,100.0,0.0,,1529731781,1048576,8,0.4,23.349789,44907.300875395485,1048576,112,0.09859154929577464,0,5,23.346755,0.0,124.41189502164501,gbn,True,ok,,25.641,1789650985.819,C:\Users\Ishaan Gupta\Hybrid-ARQ\logs\experiments\E2_fixed-hybrid_loss01_trial02,4f74afa8d2fd56674effed1dbe3582e5ab0deb12d0bf3eadd309dfbdf07c3dcf,41a988b09dd129d6f4213b397c3ea75d9cc4ac83c7bc485e0ebd6c7eee416cd8
E2,loss01,gbn,3,E2_gbn_loss01_trial03,0.01,0.0,100.0,0.0,,4256883744,1048576,8,0.4,19.108105,54875.98063753575,1048576,48,0.04477611940298507,0,0,19.105075999999997,0.0,124.3926465163934,gbn,True,ok,,21.371,1789651011.515,C:\Users\Ishaan Gupta\Hybrid-ARQ\logs\experiments\E2_gbn_loss01_trial03,3da4cd55575163bdc4911b310a2298d2deac42518b2b5fdcaa4ecafc6a62babc,bf6a409d3f369232542d0b0fc2e128123062b0abeaf9d45d2a461c423b84139a
E2,loss01,sr,3,E2_sr_loss01_trial03,0.01,0.0,100.0,0.0,,4256883744,1048576,8,0.4,18.374872,57065.75806351195,1048576,6,0.005825242718446602,0,0,0.0,18.371931,124.49154616895873,sr,True,ok,,20.651,1789651032.911,C:\Users\Ishaan Gupta\Hybrid-ARQ\logs\experiments\E2_sr_loss01_trial03,7b6ccef9c42b6679a9dffa423173eb892a664e0bd00f76bd4de5dfe9c85e683d,04ef49d827046d4ec8b3f6dc8cc6f0ab6edc38b12a283e8f896d0b9d27e6ee55
E2,loss01,hybrid,3,E2_hybrid_loss01_trial03,0.01,0.0,100.0,0.0,,4256883744,1048576,8,0.4,19.605929,53482.59702460414,1048576,48,0.04477611940298507,4,4,15.865797999999998,3.7370810000000008,124.37914651639343,gbn,True,ok,,21.896,1789651053.603,C:\Users\Ishaan Gupta\Hybrid-ARQ\logs\experiments\E2_hybrid_loss01_trial03,2869715b54f9bbe6664f9d2d60cf6610040fee4ea82e748e9016373fa5a00ec2,3049f757e7291544ef7ef5a0563ba4847c316cf154ee93e29f39e34bd13205dd
E2,loss01,fixed-hybrid,3,E2_fixed-hybrid_loss01_trial03,0.01,0.0,100.0,0.0,,4256883744,1048576,8,0.4,19.624579,53431.77043441289,1048576,48,0.04477611940298507,0,4,19.621353000000003,0.0,124.60004815573774,gbn,True,ok,,21.922,1789651075.536,C:\Users\Ishaan Gupta\Hybrid-ARQ\logs\experiments\E2_fixed-hybrid_loss01_trial03,ab7346f1b10b16087fea6ae6d4e1821ed76b38e207d878f8727e99f4e6916878,bc98c3ef27438bd863c041af6fe78bf23e9c0ee5baad79baba0f09e520328371
E2,loss01,gbn,4,E2_gbn_loss01_trial04,0.01,0.0,100.0,0.0,,763721644,1048576,8,0.4,22.066009,47519.96611621068,1048576,96,0.08571428571428572,0,0,22.062588,0.0,124.51079202586207,gbn,True,ok,,24.312,1789651097.499,C:\Users\Ishaan Gupta\Hybrid-ARQ\logs\experiments\E2_gbn_loss01_trial04,3b7e3cc978f51716601df747e510de42b0deb2754934afbecd2bdaae1bd56f3e,b24d663e9ac1239d2a9e89605549936e64025a36b2b1641d298df0347221c1f6
E2,loss01,sr,4,E2_sr_loss01_trial04,0.01,0.0,100.0,0.0,,763721644,1048576,8,0.4,20.029599,52351.322660029284,1048576,10,0.009671179883945842,0,0,0.0,20.026598000000003,124.81910355029585,sr,True,ok,,22.268,1789651121.835,C:\Users\Ishaan Gupta\Hybrid-ARQ\logs\experiments\E2_sr_loss01_trial04,9328aed6bc8c419baec5815f93d916698c3484c6b6220431fadcf1496d23eefc,a94d75f6471f81860421b8c2b61f11d6e6bb2659e6aa044089cfb866601d404f
E2,loss01,hybrid,4,E2_hybrid_loss01_trial04,0.01,0.0,100.0,0.0,,763721644,1048576,8,0.4,21.803481,48092.137214236565,1048576,54,0.05009276437847866,3,3,13.404387000000002,8.395727,124.52245257731954,sr,True,ok,,24.141,1789651144.132,C:\Users\Ishaan Gupta\Hybrid-ARQ\logs\experiments\E2_hybrid_loss01_trial04,18e16a5291f7cd984dce868bda2e4c287cf5cb6943299a82e89c12f3e40c52c4,8db0beb52c6426dee5c655e181a030b7797fb3058d694d552d60e8053ec9fc17
E2,loss01,fixed-hybrid,4,E2_fixed-hybrid_loss01_trial04,0.01,0.0,100.0,0.0,,763721644,1048576,8,0.4,23.084646,45423.09204135078,1048576,98,0.0873440285204991,0,5,23.081362,0.0,124.54327105831531,gbn,True,ok,,25.339,1789651168.314,C:\Users\Ishaan Gupta\Hybrid-ARQ\logs\experiments\E2_fixed-hybrid_loss01_trial04,ce40685538ea1c8fffbaebc36de671d50e900237e85bec6e2f11f55caa5d6318,90b5edadab050dc56f89f99b0d70b7d086d3e614eb9cfbafbfedc56db84740b0
E3,loss02,gbn,0,E3_gbn_loss02_trial00,0.02,0.0,100.0,0.0,,3152319487,1048576,8,0.4,30.10946,34825.466813420106,1048576,240,0.189873417721519,0,0,30.106526,0.0,124.64215985130112,gbn,True,ok,,32.341,1789651193.678,C:\Users\Ishaan Gupta\Hybrid-ARQ\logs\experiments\E3_gbn_loss02_trial00,496fbc31e532a09e9a831827542f3fc720d6679bd46255ae2bf7ae6729fceaaf,56d7a3adf6013a9fa80b4a4295ed539f4032e016303024907380b1cdeb33c5f0
E3,loss02,sr,0,E3_sr_loss02_trial00,0.02,0.0,100.0,0.0,,3152319487,1048576,8,0.4,24.544352,42721.68195762512,1048576,23,0.021967526265520534,0,0,0.0,24.541129,124.63075149700597,sr,True,ok,,26.821,1789651226.045,C:\Users\Ishaan Gupta\Hybrid-ARQ\logs\experiments\E3_sr_loss02_trial00,c6f7094479c3e4883e99b923acbecc53dc237d4e17400a33b6001dd71c9add9d,6f8e7a4386306b08cf941aef049f45f2d4e1f0a7febdb388596ce386ea7d7c25
E3,loss02,hybrid,0,E3_hybrid_loss02_trial00,0.02,0.0,100.0,0.0,,3152319487,1048576,8,0.4,25.731764,40750.25715298804,1048576,59,0.05447830101569714,2,2,5.521103999999999,20.207427,124.0138726708074,gbn,True,ok,,28.026,1789651252.909,C:\Users\Ishaan Gupta\Hybrid-ARQ\logs\experiments\E3_hybrid_loss02_trial00,c4c74002d2c7240fda9e2c877fc9f702c8ba09bafd87bc27ec92ec28fdf1dbc5,fc16634164d2346d47bbc07228aec3a03b67d4ff918c0ee4782da87f4bf2afeb
E3,loss02,fixed-hybrid,0,E3_fixed-hybrid_loss02_trial00,0.02,0.0,100.0,0.0,,3152319487,1048576,8,0.4,30.833227,34007.98755187058,1048576,236,0.1873015873015873,0,3,30.830254,0.0,124.51295314426635,gbn,True,ok,,33.132,1789651280.974,C:\Users\Ishaan Gupta\Hybrid-ARQ\logs\experiments\E3_fixed-hybrid_loss02_trial00,cc7bcc2a73c8baea9bf078fff94bc74bfb3f2f516b21bf98df9cce006874e9cf,f1ffed2774f8e70f9505e4208eb11df48781a3ed8ad18c613f871d7a9ce4767a
E3,loss02,gbn,1,E3_gbn_loss02_trial01,0.02,0.0,100.0,0.0,,1356513506,1048576,8,0.4,28.186143,37201.82644358258,1048576,192,0.15789473684210525,0,0,28.182759,0.0,124.46164084507046,gbn,True,ok,,30.496,1789651314.154,C:\Users\Ishaan Gupta\Hybrid-ARQ\logs\experiments\E3_gbn_loss02_trial01,2c8351dfa1b1ff2afa95ff920abab9b1e4570c473609df609d99b563e2b95ed0,6f69049ab88a5757fee934b5c1d8983b65f5bb6e28658f82c109e806546fbee1
E3,loss02,sr,1,E3_sr_loss02_trial01,0.02,0.0,100.0,0.0,,1356513506,1048576,8,0.4,23.052104,45487.21452931151,1048576,23,0.021967526265520534,0,0,0.0,23.048981,124.67880538922161,sr,True,ok,,25.339,1789651344.693,C:\Users\Ishaan Gupta\Hybrid-ARQ\logs\experiments\E3_sr_loss02_trial01,1c64093b4ef34950d8cf9d3c0784ea4cc856c3e2d5c2ef3925bc967cb0140e61,99fdf096f31aa361b8b2beeb8c6c4b9c52c97ebdcf93b7a1386b2417dbccd24e
E3,loss02,hybrid,1,E3_hybrid_loss02_trial01,0.02,0.0,100.0,0.0,,1356513506,1048576,8,0.4,24.446969,42891.861154648665,1048576,59,0.05447830101569714,3,3,6.749301000000001,17.694736,124.76829927760575,sr,True,ok,,26.695,1789651370.085,C:\Users\Ishaan Gupta\Hybrid-ARQ\logs\experiments\E3_hybrid_loss02_trial01,a0a9d4a958e9236bd929c57d03d215fb1aa5a04ff97200207c39af1b41654972,eeb59165f777053a674da9b3afd38607b52b4d67332503ac3a3eec13b309a64a
E3,loss02,fixed-hybrid,1,E3_fixed-hybrid_loss02_trial01,0.02,0.0,100.0,0.0,,1356513506,1048576,8,0.4,28.166642,37227.58289752822,1048576,184,0.152317880794702,0,3,28.163665,0.0,124.74309534883729,gbn,True,ok,,30.46,1789651396.807,C:\Users\Ishaan Gupta\Hybrid-ARQ\logs\experiments\E3_fixed-hybrid_loss02_trial01,e4941e37982aa4e04de98509d79094c2188c1f7256299253950da009bb678d06,67be4a39863f8e66c0147a9306b580f78a2038a671f84d2cc0e85fbdd777eec1
E3,loss02,gbn,2,E3_gbn_loss02_trial02,0.02,0.0,100.0,0.0,,3302718605,1048576,8,0.4,24.651226,42536.464514990046,1048576,144,0.1232876712328767,0,0,24.64806,0.0,124.7295944134078,gbn,True,ok,,26.955,1789651427.312,C:\Users\Ishaan Gupta\Hybrid-ARQ\logs\experiments\E3_gbn_loss02_trial02,81eb43144cba627d6bd15ed6f13beb87a741285fdb486821eb713660dcfc2b60,e19f21ff99f9521a6be009a7a45c233549ebb8c13a25eccbf70efda4d6198142
E3,loss02,sr,2,E3_sr_loss02_trial02,0.02,0.0,100.0,0.0,,3302718605,1048576,8,0.4,21.573774,48604.198783207794,1048576,18,0.01727447216890595,0,0,0.0,21.570819,124.72040258449303,sr,True,ok,,23.887,1789651454.328,C:\Users\Ishaan Gupta\Hybrid-ARQ\logs\experiments\E3_sr_loss02_trial02,b63ccbfeaf051bc8984048a62655b25c8df7fd15aabbb7c6db56c1af7367c94f,a6ed5764baab58f737151cebc7486a4c45621ecbab14a44de1947dd61e65908c
E3,loss02,hybrid,2,E3_hybrid_loss02_trial02,0.02,0.0,100.0,0.0,,3302718605,1048576,8,0.4,24.475003,42842.73223582444,1048576,89,0.07996406109613657,5,5,14.399921,10.071997000000001,124.67630629669148,sr,True,ok,,26.779,1789651478.256,C:\Users\Ishaan Gupta\Hybrid-ARQ\logs\experiments\E3_hybrid_loss02_trial02,014a05c9666006ae44154bc465db61655b1ba56258f69d7cf57d72ee6943adf1,a2275f2d69ee4cf842a29ed45845b65574d8688fea29d238ced883f17e8b3aaf
E3,loss02,fixed-hybrid,2,E3_fixed-hybrid_loss02_trial02,0.02,0.0,100.0,0.0,,3302718605,1048576,8,0.4,25.524265,41081.53555058294,1048576,144,0.1232876712328767,0,5,25.521319000000002,0.0,124.76967374301677,gbn,True,ok,,27.832,1789651505.096,C:\Users\Ishaan Gupta\Hybrid-ARQ\logs\experiments\E3_fixed-hybrid_loss02_trial02,d204094e00d3f68981734a15486e1fc343992d491e12194908baca9f652a42a4,0e4f3391221988eceb4f705f507ed1590ad1f351b912c81e9f88a59ad5a9f83c
E3,loss02,gbn,3,E3_gbn_loss02_trial03,0.02,0.0,100.0,0.0,,2472199922,1048576,8,0.4,24.800012,42281.26986390168,1048576,150,0.12776831345826234,0,0,24.797076999999998,0.0,124.64126155580612,gbn,True,ok,,27.116,1789651532.971,C:\Users\Ishaan Gupta\Hybrid-ARQ\logs\experiments\E3_gbn_loss02_trial03,f7e4d3dea2cf6f4c66bfc55ccc5a5ebc1bf44f8d7ba69aa527583e6d579ece91,54d55f80c6b164b661328658f572d358ca9e87bb0a3e2c60311fab7dbe40f961
E3,loss02,sr,3,E3_sr_loss02_trial03,0.02,0.0,100.0,0.0,,2472199922,1048576,8,0.4,21.716686,48284.34688423455,1048576,18,0.01727447216890595,0,0,0.0,21.713759,124.83735650446872,sr,True,ok,,23.992,1789651560.141,C:\Users\Ishaan Gupta\Hybrid-ARQ\logs\experiments\E3_sr_loss02_trial03,52cbae4063eeba1d584102f0c5a4a420965317bec9d951bd28d645caadf5c35d,d199d29430ec6a76f2b6dd250f513b8434ac48e1e8ce81f68e4f36494e11257a
E3,loss02,hybrid,3,E3_hybrid_loss02_trial03,0.02,0.0,100.0,0.0,,2472199922,1048576,8,0.4,25.546073,41046.46534126791,1048576,116,0.10175438596491228,8,8,15.546096,9.996898,124.93700545851524,gbn,True,ok,,27.826,1789651584.179,C:\Users\Ishaan Gupta\Hybrid-ARQ\logs\experiments\E3_hybrid_loss02_trial03,a386dc7dc3b6397cf6965d8fb3d0bb9af56fe46226db0c1816966da986c6baf7,e7e21e4057c6574d5bb7ee649e48063f50de84467a1fe6464fcd2494f8ffb25b
E3,loss02,fixed-hybrid,3,E3_fixed-hybrid_loss02_trial03,0.02,0.0,100.0,0.0,,2472199922,1048576,8,0.4,26.267571,39919.03172166166,1048576,152,0.1292517006802721,0,7,26.264313,0.0,124.53103502824861,gbn,True,ok,,28.548,1789651612.066,C:\Users\Ishaan Gupta\Hybrid-ARQ\logs\experiments\E3_fixed-hybrid_loss02_trial03,bb524f2a39568307dfe1bd077cc18c113b4b2d54d05acedae5d893390eeca76b,5af8e4d21244c7c93741e0545401ee663a6930716f4c902ae775d4bea40f1e16
E3,loss02,gbn,4,E3_gbn_loss02_trial04,0.02,0.0,100.0,0.0,,394058031,1048576,8,0.4,23.74962,44151.2748414501,1048576,128,0.1111111111111111,0,0,23.74627,0.0,124.97423281596454,gbn,True,ok,,26.054,1789651640.665,C:\Users\Ishaan Gupta\Hybrid-ARQ\logs\experiments\E3_gbn_loss02_trial04,a2df4e1dfae6e03965bc124cc0eee68ccdba7514ea852aae36e7bd4fc48040bd,48c2826cea4c758b9b7d487b2fde4a719031429b0328499712ee8e0f1281d169
E3,loss02,sr,4,E3_sr_loss02_trial04,0.02,0.0,100.0,0.0,,394058031,1048576,8,0.4,22.070772,47509.711033216234,1048576,18,0.01727447216890595,0,0,0.0,22.067765,124.66815208747515,sr,True,ok,,24.383,1789651666.756,C:\Users\Ishaan Gupta\Hybrid-ARQ\logs\experiments\E3_sr_loss02_trial04,792327345e48c012d99b6248da9e00284981e9488ae8e598af960ab785571511,65aca5ff465132cdc94620f257c907e471435a4cb48e2b880afd9c96a4422cf8
E3,loss02,hybrid,4,E3_hybrid_loss02_trial04,0.02,0.0,100.0,0.0,,394058031,1048576,8,0.4,23.447915,44719.37057090151,1048576,46,0.04299065420560748,4,4,10.374302,13.070609999999999,124.56475766871174,gbn,True,ok,,25.759,1789651691.185,C:\Users\Ishaan Gupta\Hybrid-ARQ\logs\experiments\E3_hybrid_loss02_trial04,d8679e8c18fff7de0b419e8c824a60cdc9c9e356b5fc404de97eb5fc6f05a662,371cfab22e42ebac4d3c498d384e4022b230007b201e208704e5f47cdda7154b
E3,loss02,fixed-hybrid,4,E3_fixed-hybrid_loss02_trial04,0.02,0.0,100.0,0.0,,394058031,1048576,8,0.4,24.455513,42876.87606471391,1048576,124,0.10801393728222997,0,4,24.451096,0.0,124.71536203090504,gbn,True,ok,,26.716,1789651716.991,C:\Users\Ishaan Gupta\Hybrid-ARQ\logs\experiments\E3_fixed-hybrid_loss02_trial04,1e79c83d18bdb11ee0f0681c271de518ca6cb5a1f30ccd6d1f9fc74f0ebcb5c5,a0fbdf87c5d61a6473cd81312a0942f12a01d9aa779fffc6950da1818ddb6e4e
E4,loss05,gbn,0,E4_gbn_loss05_trial00,0.05,0.0,100.0,0.0,,1577408800,1048576,8,0.4,38.625424,27147.30070018131,1048576,392,0.2768361581920904,0,0,38.622418,0.0,124.75365056818177,gbn,True,ok,,40.871,1789651743.733,C:\Users\Ishaan Gupta\Hybrid-ARQ\logs\experiments\E4_gbn_loss05_trial00,638c133004e6c72a6c3f24c3a5e29d90afc65e016e4989cb5713c25010ce1145,0de3beb754b59db41d1efcedacae0efe1555533e60da324a90fe6716254845f6
E4,loss05,sr,0,E4_sr_loss05_trial00,0.05,0.0,100.0,0.0,,1577408800,1048576,8,0.4,30.158614,34768.706545997105,1048576,49,0.045666356011183594,0,0,0.0,30.155431,124.60627579162407,sr,True,ok,,32.447,1789651784.632,C:\Users\Ishaan Gupta\Hybrid-ARQ\logs\experiments\E4_sr_loss05_trial00,ef839f1d22f6bc9f24b71469864eeab42702aff2d860f5d12e8b8a53a72d92bd,62142df4b044ad9e2cf9d0f1f7c633b21d5ccc6a7866e5c4bcf0a61e429f8819
E4,loss05,hybrid,0,E4_hybrid_loss05_trial00,0.05,0.0,100.0,0.0,,1577408800,1048576,8,0.4,31.605223,33177.30110621273,1048576,86,0.07747747747747748,1,1,3.64047,27.961327999999998,124.90938583509514,sr,True,ok,,33.926,1789651817.109,C:\Users\Ishaan Gupta\Hybrid-ARQ\logs\experiments\E4_hybrid_loss05_trial00,8b35a8ed4458bf9aa4607f690b275bb04e19c2f0fda2d4daa0a614bf1dcc4922,2db3534d95e2ce3b19c71de6a88b95a4bf1f176a382dbc6967286573223ba01c
E4,loss05,fixed-hybrid,0,E4_fixed-hybrid_loss05_trial00,0.05,0.0,100.0,0.0,,1577408800,1048576,8,0.4,38.765043,27049.525006331092,1048576,391,0.2763250883392226,0,1,38.762007999999994,0.0,124.86301560283677,gbn,True,ok,,41.064,1789651851.075,C:\Users\Ishaan Gupta\Hybrid-ARQ\logs\experiments\E4_fixed-hybrid_loss05_trial00,a93bf66bb1bb2f8bec85da4abb796af2c990db7a3e8ee9e6b3e6b8ee2b6c6abd,5cd278a9c306d4afca77f3b809363389729ed7641a4e5ec9283e6195b366bd13
E4,loss05,gbn,1,E4_gbn_loss05_trial01,0.05,0.0,100.0,0.0,,3931155075,1048576,8,0.4,44.401994,23615.516005880276,1048576,488,0.32275132275132273,0,0,44.399010000000004,0.0,124.80782492113563,gbn,True,ok,,46.69,1789651892.179,C:\Users\Ishaan Gupta\Hybrid-ARQ\logs\experiments\E4_gbn_loss05_trial01,d1f2cb3b50246ffd5f2a6a89657289e3dfbc179bb7407f72444d38d2bfd36d61,b90987db195d69573573007aefcc51a664e130f1f99d29e65b75c3c3dbe58f3f
E4,loss05,sr,1,E4_sr_loss05_trial01,0.05,0.0,100.0,0.0,,3931155075,1048576,8,0.4,32.103141,32662.72294041259,1048576,59,0.05447830101569714,0,0,0.0,32.099877,124.95410362694304,sr,True,ok,,34.399,1789651938.942,C:\Users\Ishaan Gupta\Hybrid-ARQ\logs\experiments\E4_sr_loss05_trial01,8cd635b2c6a266c13532b5a14cb65d0ccdc1e21549d1d33f98cf2c1e0845e5c0,c240504843b53330dd21c7c18c3442a1df5e2d03331bac781e039220ee8867f9
E4,loss05,hybrid,1,E4_hybrid_loss05_trial01,0.05,0.0,100.0,0.0,,3931155075,1048576,8,0.4,34.675437,30239.73425338518,1048576,120,0.1048951048951049,3,3,7.307763000000001,27.364576,124.95636244541485,sr,True,ok,,36.963,1789651973.382,C:\Users\Ishaan Gupta\Hybrid-ARQ\logs\experiments\E4_hybrid_loss05_trial01,250c344fbe7c7adfdef4eabd61e1b72317af4db70374e09bbdf5c823c3baafec,e5e71ada15251446ebf2d3cfa55a4f765a435083cab2ac38c80e5444b98f5df4
E4,loss05,fixed-hybrid,1,E4_fixed-hybrid_loss05_trial01,0.05,0.0,100.0,0.0,,3931155075,1048576,8,0.4,45.029453,23286.44765016355,1048576,482,0.3200531208499336,0,3,45.026284,0.0,124.8575046875,gbn,True,ok,,47.364,1789652010.39,C:\Users\Ishaan Gupta\Hybrid-ARQ\logs\experiments\E4_fixed-hybrid_loss05_trial01,e1c426a8ce57fa53329f3bf23e604636f260053349597958193668309a66d174,93ddae909c94e616fe2b4a7282fff8cced70acdd0f012feabb14219fb9d34310
E4,loss05,gbn,2,E4_gbn_loss05_trial02,0.05,0.0,100.0,0.0,,1327212711,1048576,8,0.4,42.977648,24398.170881756952,1048576,457,0.3085752869682647,0,0,42.974050000000005,0.0,125.09064649681534,gbn,True,ok,,45.249,1789652057.812,C:\Users\Ishaan Gupta\Hybrid-ARQ\logs\experiments\E4_gbn_loss05_trial02,26dbede1da8da1a2297ac0a19a32e8af47fd21eb8e7536b39e9aad8dc6f168ca,c9423f1056ae13e1addc3179ab2a883d42798ca3aec7994a4bc327c999561429
E4,loss05,sr,2,E4_sr_loss05_trial02,0.05,0.0,100.0,0.0,,1327212711,1048576,8,0.4,31.994986,32773.13514061234,1048576,55,0.05097312326227989,0,0,0.0,31.991849000000002,124.93553189300414,sr,True,ok,,34.26,1789652103.093,C:\Users\Ishaan Gupta\Hybrid-ARQ\logs\experiments\E4_sr_loss05_trial02,ca6c992d6fce8727794c09ace01b4c967cd5df22764f93649198e493729050e9,90444d7a4d3dc6c11c19d6870e087b28c4baf084debb0f7116385c4b2e760e98
E4,loss05,hybrid,2,E4_hybrid_loss05_trial02,0.05,0.0,100.0,0.0,,1327212711,1048576,8,0.4,32.905972,31865.826665141514,1048576,78,0.07078039927404718,1,1,2.841275,30.06172,124.91329610115906,sr,True,ok,,35.157,1789652137.377,C:\Users\Ishaan Gupta\Hybrid-ARQ\logs\experiments\E4_hybrid_loss05_trial02,5a7000995edc653019ea67a5a331d11bf070ac486877c80b4a9d5fb2ecfb9a9e,a181d06f016f1869e7b2372da39ed8cf02933668ea8d4347f735f16554acbdb2
E4,loss05,fixed-hybrid,2,E4_fixed-hybrid_loss05_trial02,0.05,0.0,100.0,0.0,,1327212711,1048576,8,0.4,43.219892,24261.42110674409,1048576,458,0.3090418353576248,0,1,43.21666200000001,0.0,124.99144976076543,gbn,True,ok,,45.468,1789652172.571,C:\Users\Ishaan Gupta\Hybrid-ARQ\logs\experiments\E4_fixed-hybrid_loss05_trial02,f50d52f709a55dd9d9479ee17ece425b1ca9ef74d2eb3b86c1cd8ef897a78494,a3a61af42dfc2fc698d3f84d511c266eb8ee6da7b21d26a7049a81adf0a7e652
E4,loss05,gbn,3,E4_gbn_loss05_trial03,0.05,0.0,100.0,0.0,,2484435247,1048576,8,0.4,44.92057,23342.891686369963,1048576,496,0.3263157894736842,0,0,44.917016,0.0,124.75774471299084,gbn,True,ok,,47.18,1789652218.07,C:\Users\Ishaan Gupta\Hybrid-ARQ\logs\experiments\E4_gbn_loss05_trial03,2b7cf51f1040c78f571245bfd73f224a1e3983f49cd2848bb56a2540b0fcf884,0ef589e8390166ebe10ad5e304a0dffc3663d05bdd61e72e749a8e0c3728d833
E4,loss05,sr,3,E4_sr_loss05_trial03,0.05,0.0,100.0,0.0,,2484435247,1048576,8,0.4,33.84855,30978.46141119782,1048576,66,0.060550458715596334,0,0,0.0,33.845418,124.99523937823842,sr,True,ok,,36.084,1789652265.284,C:\Users\Ishaan Gupta\Hybrid-ARQ\logs\experiments\E4_sr_loss05_trial03,edeb1301f1636224645a8fd23ff4aac657f5234ad5604855c800177175c69654,c6fb5bef532fba63e5474b042655cae9586f69916f0bdcb6d46319529cde44b9
E4,loss05,hybrid,3,E4_hybrid_loss05_trial03,0.05,0.0,100.0,0.0,,2484435247,1048576,8,0.4,34.345102,30530.583371101944,1048576,79,0.07162284678150499,1,1,2.427738,31.914124999999995,125.1918067226891,sr,True,ok,,36.581,1789652301.394,C:\Users\Ishaan Gupta\Hybrid-ARQ\logs\experiments\E4_hybrid_loss05_trial03,47816bc6480ea2c744c8ce753f0758b29a126456901c379eea67300985aeb7c0,1b8b776cadd814276902ce941a06a9d3fb3abed4a067c0c5b037005e3130eb0f
E4,loss05,fixed-hybrid,3,E4_fixed-hybrid_loss05_trial03,0.05,0.0,100.0,0.0,,2484435247,1048576,8,0.4,45.16098,23218.6281165732,1048576,496,0.3263157894736842,0,1,45.156449,0.0,124.85359063444112,gbn,True,ok,,47.417,1789652337.999,C:\Users\Ishaan Gupta\Hybrid-ARQ\logs\experiments\E4_fixed-hybrid_loss05_trial03,cac34d87b7cd09e05ae2fa32fbac55c54c017b94cda4df17af5b72d31bacb66d,da5f3f549be486b526fce06ce118f226cdc3b55b430bc8259363163e69cad90e
E4,loss05,gbn,4,E4_gbn_loss05_trial04,0.05,0.0,100.0,0.0,,674220151,1048576,8,0.4,41.613013,25198.271511846546,1048576,440,0.3005464480874317,0,0,41.609989,0.0,124.99546142649201,gbn,True,ok,,43.854,1789652385.45,C:\Users\Ishaan Gupta\Hybrid-ARQ\logs\experiments\E4_gbn_loss05_trial04,9cdfd3e2a361f236d3efaf74a94ac6ebe129dac520f5cce41ec46680126fba96,e22719653b452fc8f012d5a69f4a693dc8b6c85141fd0b5d0c9614175274a834
E4,loss05,sr,4,E4_sr_loss05_trial04,0.05,0.0,100.0,0.0,,674220151,1048576,8,0.4,31.846221,32926.23008550999,1048576,58,0.053604436229205174,0,0,0.0,31.843034,124.80881771369722,sr,True,ok,,34.122,1789652429.334,C:\Users\Ishaan Gupta\Hybrid-ARQ\logs\experiments\E4_sr_loss05_trial04,437bbff465330e92bf553b0adf40f8126935dfcae8a708387d9a2a90ea3b772b,72cb9746560f5fbbd6d318d4fc175e07fa472e37a07cac10441346db31dc2c0d
E4,loss05,hybrid,4,E4_hybrid_loss05_trial04,0.05,0.0,100.0,0.0,,674220151,1048576,8,0.4,32.957561,31815.946574444635,1048576,78,0.07078039927404718,1,1,4.2450149999999995,28.709322999999998,124.06900630914829,sr,True,ok,,35.318,1789652463.484,C:\Users\Ishaan Gupta\Hybrid-ARQ\logs\experiments\E4_hybrid_loss05_trial04,439d0c066dd599bcc00e501d94ae57733b04d7364d40ddc6735793f483751d97,50d0b8af5a3f8dc94c3ab3216df6ae0830e3d9d8cb96eb4a905b574e65185a73
E4,loss05,fixed-hybrid,4,E4_fixed-hybrid_loss05_trial04,0.05,0.0,100.0,0.0,,674220151,1048576,8,0.4,42.35363,24757.641788909237,1048576,427,0.29427980702963474,0,1,42.349619000000004,0.0,124.85556857142863,gbn,True,ok,,44.741,1789652498.863,C:\Users\Ishaan Gupta\Hybrid-ARQ\logs\experiments\E4_fixed-hybrid_loss05_trial04,6c29761176d256800c97b24e1d14b3ead819c76060553a7c26070241ef3a2366,1b519fe1e16e921d79ddc3a347527745283cfb842346739870c04e213a8bf655
E5,loss10,gbn,0,E5_gbn_loss10_trial00,0.1,0.0,100.0,0.0,,3443499212,1048576,8,0.4,75.130049,13956.81240671093,1048576,1008,0.49606299212598426,0,0,75.12631599999999,0.0,125.1342219251334,gbn,True,ok,,77.466,1789652546.965,C:\Users\Ishaan Gupta\Hybrid-ARQ\logs\experiments\E5_gbn_loss10_trial00,4b690650fcf24c80339f7390ec0adeeecb936569c4074c47070ce8c247c7589f,bb21699a16a91772fd443f4e805bb5bb93effdc1b02e96708cdb5d1f48c74ee5
E5,loss10,sr,0,E5_sr_loss10_trial00,0.1,0.0,100.0,0.0,,3443499212,1048576,8,0.4,44.13169,23760.159649449182,1048576,135,0.11647972389991372,0,0,0.0,44.127981,125.06967777777783,sr,True,ok,,46.398,1789652624.5,C:\Users\Ishaan Gupta\Hybrid-ARQ\logs\experiments\E5_sr_loss10_trial00,d7c8df70e0f1bfc470c5eaf1cf9c55e02f14cefd8d33b0608f0c3dcd7130210c,1c275df50852cf7208e17c40ded772e2849017faa5f1666ccadc66802b66cc1f
E5,loss10,hybrid,0,E5_hybrid_loss10_trial00,0.1,0.0,100.0,0.0,,3443499212,1048576,8,0.4,46.338725,22628.503481699165,1048576,207,0.16815597075548336,1,1,7.517551,38.818102999999994,125.09145120551084,sr,True,ok,,48.607,1789652670.924,C:\Users\Ishaan Gupta\Hybrid-ARQ\logs\experiments\E5_hybrid_loss10_trial00,ae92386dc5d3a7fff74a2ca0581fff6536edaaba7d75658bc3422b7b9895d438,21980e508a8c0f59fd239218e677f87b1d28ef41adbd4decacbccba26fda3640
E5,loss10,fixed-hybrid,0,E5_fixed-hybrid_loss10_trial00,0.1,0.0,100.0,0.0,,3443499212,1048576,8,0.4,75.149383,13953.221678480048,1048576,1001,0.494320987654321,0,1,75.14621100000001,0.0,125.10569459459457,gbn,True,ok,,77.397,1789652719.56,C:\Users\Ishaan Gupta\Hybrid-ARQ\logs\experiments\E5_fixed-hybrid_loss10_trial00,26aa8f69a521fa860ce31452ed02a6c0ff3769f2b271834acaf320146c58173a,a94218688fd22f60013c441b70b5f7be8466674518be8e0b2f13810f61fd147e
E5,loss10,gbn,1,E5_gbn_loss10_trial01,0.1,0.0,100.0,0.0,,2459326950,1048576,8,0.4,58.582317,17899.18961382152,1048576,720,0.41284403669724773,0,0,58.57906800000001,0.0,124.9836406533576,gbn,True,ok,,60.846,1789652797.0,C:\Users\Ishaan Gupta\Hybrid-ARQ\logs\experiments\E5_gbn_loss10_trial01,ab4f8b68bbce42855d50a915adae7eccef6a9aba2205f28b3785ebee0292a683,f825e2c70508c767b378e9183d0ecb97978bb88c892f200be298a6f3b3e2da11
E5,loss10,sr,1,E5_sr_loss10_trial01,0.1,0.0,100.0,0.0,,2459326950,1048576,8,0.4,39.95844,26241.66509002854,1048576,101,0.08977777777777778,0,0,0.0,39.955355000000004,124.94136723768734,sr,True,ok,,42.197,1789652857.88,C:\Users\Ishaan Gupta\Hybrid-ARQ\logs\experiments\E5_sr_loss10_trial01,5327c27cb5016957f07de64737b97af173af70e3db40ca1ef38db9c6a77ad980,ae86fef0479223a1c6be5af7fae4f91fd5234b43595613760690654da82fa23c
E5,loss10,hybrid,1,E5_hybrid_loss10_trial01,0.1,0.0,100.0,0.0,,2459326950,1048576,8,0.4,41.494088,25270.491545687186,1048576,145,0.12403763900769889,1,1,4.180861,37.310118,124.85311894273129,sr,True,ok,,43.738,1789652900.103,C:\Users\Ishaan Gupta\Hybrid-ARQ\logs\experiments\E5_hybrid_loss10_trial01,93bf567d0584c03372b3e36b7cb8e519647a14836796b5fffc77ecd0cb3db9ee,84ad6f571352d820a7b4c94d8b2d94ba6ef5fcd25cf643cc4aa407385257904f
E5,loss10,fixed-hybrid,1,E5_fixed-hybrid_loss10_trial01,0.1,0.0,100.0,0.0,,2459326950,1048576,8,0.4,58.728463,17854.647413469684,1048576,720,0.41284403669724773,0,1,58.725390000000004,0.0,124.54987295825771,gbn,True,ok,,60.981,1789652943.868,C:\Users\Ishaan Gupta\Hybrid-ARQ\logs\experiments\E5_fixed-hybrid_loss10_trial01,26301b40c31176eb37ef8e245f6bf058df902aa7bc1a03d389b2bee033f7147b,436178c6569976040ecf8ebeb84107f97c8fdc41094c0366263208cf09cedfbb
E5,loss10,gbn,2,E5_gbn_loss10_trial02,0.1,0.0,100.0,0.0,,438598772,1048576,8,0.4,82.831349,12659.168450824096,1048576,1104,0.518796992481203,0,0,82.829023,0.0,125.44617846153831,gbn,True,ok,,85.074,1789653004.883,C:\Users\Ishaan Gupta\Hybrid-ARQ\logs\experiments\E5_gbn_loss10_trial02,dfc1e35206fc98b0562ca655637c0cdddc912afbfc2dea53d5fbefa81506a465,a81e1077d814b115c591e291cac4ffda9684e91a6c92541a76937267fa74ea7b
E5,loss10,sr,2,E5_sr_loss10_trial02,0.1,0.0,100.0,0.0,,438598772,1048576,8,0.4,47.255863,22189.331300541482,1048576,122,0.10645724258289703,0,0,0.0,47.253322,124.97951588170862,sr,True,ok,,49.52,1789653090.008,C:\Users\Ishaan Gupta\Hybrid-ARQ\logs\experiments\E5_sr_loss10_trial02,905fe9b1f17de1b8939559448e956a809b83bfb6fbaf8b2ffbaf15b8353ac09e,008c90f26287b2f6423badcd1fb27bcd1dd633c14306ce39d7b17c13dd0bb863
E5,loss10,hybrid,2,E5_hybrid_loss10_trial02,0.1,0.0,100.0,0.0,,438598772,1048576,8,0.4,51.134531,20506.22112873197,1048576,181,0.15020746887966804,1,1,7.65996,43.471752,125.544385665529,sr,True,ok,,53.408,1789653139.554,C:\Users\Ishaan Gupta\Hybrid-ARQ\logs\experiments\E5_hybrid_loss10_trial02,91b3459ad72302657621dac862bb2739af400481188894d2a9b2cb0ecb2904de,034d44972060e139f29e16783abb0ab6ab490814ca766228583a8701eb081475
E5,loss10,fixed-hybrid,2,E5_fixed-hybrid_loss10_trial02,0.1,0.0,100.0,0.0,,438598772,1048576,8,0.4,82.903682,12648.123396980123,1048576,1101,0.5181176470588236,0,1,82.901122,0.0,125.63806707317076,gbn,True,ok,,85.167,1789653193.007,C:\Users\Ishaan Gupta\Hybrid-ARQ\logs\experiments\E5_fixed-hybrid_loss10_trial02,87329ac314218f18ad5ac94d84a1230d9fdb9a3f5d12feaa5bfa0650ec02dddb,4fd8edb796a098e842aced20dd0610330f8e8ac3301ec4db4d6a904381471b43
E5,loss10,gbn,3,E5_gbn_loss10_trial03,0.1,0.0,100.0,0.0,,3993665899,1048576,8,0.4,77.423754,13543.33710039428,1048576,1056,0.5076923076923077,0,0,77.420703,0.0,125.23101554404143,gbn,True,ok,,79.682,1789653278.214,C:\Users\Ishaan Gupta\Hybrid-ARQ\logs\experiments\E5_gbn_loss10_trial03,9b2ad15fdc68baf9a80c46332348a5c6f37fa71eeedf2bb4b763c528892cb473,54c1c7646ac7d12d0d93e6c0e5615ba5147accbee46417c7a8e0bedea62400c0
E5,loss10,sr,3,E5_sr_loss10_trial03,0.1,0.0,100.0,0.0,,3993665899,1048576,8,0.4,45.907586,22841.018040025017,1048576,122,0.10645724258289703,0,0,0.0,45.904504,125.51430273224044,sr,True,ok,,48.17,1789653357.948,C:\Users\Ishaan Gupta\Hybrid-ARQ\logs\experiments\E5_sr_loss10_trial03,aa29554a580adf6a88773352828b9a4bd2a4fddab037359734f6d0ac79c4ee96,91f9ad8599c6f8727246bcdee74233d2cfcbfd42751dd02d49c87a8e68d6790b
E5,loss10,hybrid,3,E5_hybrid_loss10_trial03,0.1,0.0,100.0,0.0,,3993665899,1048576,8,0.4,48.975237,21410.3302858953,1048576,209,0.16950527169505272,1,1,7.575422,41.396839,125.19398068181809,sr,True,ok,,51.223,1789653406.145,C:\Users\Ishaan Gupta\Hybrid-ARQ\logs\experiments\E5_hybrid_loss10_trial03,05d30f72f4ee9ef2ed2a0d2f4a06f471833829a4fe954b3640a7f9c5ae95d639,c4ca2a92ee3a032d0c83910d5535c916324c6962af0d9c69f46a001fa462fcc8
E5,loss10,fixed-hybrid,3,E5_fixed-hybrid_loss10_trial03,0.1,0.0,100.0,0.0,,3993665899,1048576,8,0.4,77.572191,13517.421468732267,1048576,1053,0.5069812229176697,0,1,77.56911,0.0,125.28324093264237,gbn,True,ok,,79.817,1789653457.395,C:\Users\Ishaan Gupta\Hybrid-ARQ\logs\experiments\E5_fixed-hybrid_loss10_trial03,d9e66fa8b1f9a0a514cd6186badcccff810450cbc6786f6419859b61c1d9b839,51b156b8e7f1fd264225b02db0c30d99fe8e8f9365c82d3917fae271954931c7
E5,loss10,gbn,4,E5_gbn_loss10_trial04,0.1,0.0,100.0,0.0,,2952160951,1048576,8,0.4,71.102962,14747.289993347955,1048576,917,0.4724368882019577,0,0,71.09992,0.0,125.01197991071417,gbn,True,ok,,73.355,1789653537.254,C:\Users\Ishaan Gupta\Hybrid-ARQ\logs\experiments\E5_gbn_loss10_trial04,e117732dda382f203c86a8e6effa4341be5e4a1918af7b4b30d15d9a91cad8a7,cf11ee3fb9a64971ca2da28de4b47583b8626e906ba04f903bb921eb98a22d93
E5,loss10,sr,4,E5_sr_loss10_trial04,0.1,0.0,100.0,0.0,,2952160951,1048576,8,0.4,42.295312,24791.778341769885,1048576,108,0.09540636042402827,0,0,0.0,42.292129,125.14687702265377,sr,True,ok,,44.545,1789653610.648,C:\Users\Ishaan Gupta\Hybrid-ARQ\logs\experiments\E5_sr_loss10_trial04,29a9f32fdb34fce2329372424740b4cab79f554e630c24b01da19560e5e66efb,561a9642fdcd47abc0368026e60f01cfffa96786fcf2671d0e34a1be6505bbce
E5,loss10,hybrid,4,E5_hybrid_loss10_trial04,0.1,0.0,100.0,0.0,,2952160951,1048576,8,0.4,43.604785,24047.269124248636,1048576,158,0.13367174280879865,1,1,4.46185,39.139896,125.04757558790592,sr,True,ok,,45.859,1789653655.222,C:\Users\Ishaan Gupta\Hybrid-ARQ\logs\experiments\E5_hybrid_loss10_trial04,5fb56a0db5e249cf5ea9db6026b4cd2c05fac03cf81047737e4a9acfa1d9f13e,b33192efbef109b0a1938b6274f47d76cb97c7d1af85dca4f02240e112f02a1c
E5,loss10,fixed-hybrid,4,E5_fixed-hybrid_loss10_trial04,0.1,0.0,100.0,0.0,,2952160951,1048576,8,0.4,70.538841,14865.22864757588,1048576,920,0.4732510288065844,0,1,70.535875,0.0,124.93286577181186,gbn,True,ok,,72.787,1789653701.108,C:\Users\Ishaan Gupta\Hybrid-ARQ\logs\experiments\E5_fixed-hybrid_loss10_trial04,67a65fd8bd60e83b10750e6d520bd3c08ffddc20c68f52c2336ba9150c036513,d4471a721240c69cfe9c846627bf866e3e2e5bed312a696758811c94a4bb0ec7
E6,loss20,gbn,0,E6_gbn_loss20_trial00,0.2,0.0,100.0,0.0,,930443208,1048576,8,0.4,137.718192,7613.925108746708,1048576,2112,0.673469387755102,0,0,137.714687,0.0,124.85946706586753,gbn,True,ok,,139.963,1789653773.931,C:\Users\Ishaan Gupta\Hybrid-ARQ\logs\experiments\E6_gbn_loss20_trial00,466fb7345633bd49252cde335089b2f60ce199ca5e88c3135fe3472e373556bd,64b78cfe929e1c986bb2e4ea8cbfed792488bb49c5730cfc2826b252349e0297
E6,loss20,sr,0,E6_sr_loss20_trial00,0.2,0.0,100.0,0.0,,930443208,1048576,8,0.4,67.166967,15611.483543688968,1048576,264,0.20496894409937888,0,0,0.0,67.16378300000001,125.0991963414634,sr,True,ok,,69.412,1789653913.946,C:\Users\Ishaan Gupta\Hybrid-ARQ\logs\experiments\E6_sr_loss20_trial00,3a3b9c2ff28e4851c30e52670650905b3007fb90c8f6ce12c01d9f7b5b76b473,e5740bbeab47620cc753be19d294cdf5379a297eec0ff1766dabb76ea1cf765a
E6,loss20,hybrid,0,E6_hybrid_loss20_trial00,0.2,0.0,100.0,0.0,,930443208,1048576,8,0.4,71.881862,14587.490791487844,1048576,384,0.2727272727272727,1,1,10.824861,61.053647,125.14927958387513,sr,True,ok,,74.141,1789653983.388,C:\Users\Ishaan Gupta\Hybrid-ARQ\logs\experiments\E6_hybrid_loss20_trial00,c449c82a0bac5869fa748398090949f716206883734813e0a54cd7da603744bf,0db1051385a210c46eabd601a2c52aa13773b7801332ee5324cccd69d4048ea5
E6,loss20,fixed-hybrid,0,E6_fixed-hybrid_loss20_trial00,0.2,0.0,100.0,0.0,,930443208,1048576,8,0.4,139.359767,7524.237608692328,1048576,2105,0.6727388942154043,0,1,139.35652000000002,0.0,125.18136746987963,gbn,True,ok,,141.625,1789654057.56,C:\Users\Ishaan Gupta\Hybrid-ARQ\logs\experiments\E6_fixed-hybrid_loss20_trial00,52ddff653172b10fbc508e14f2465552975e125516f30176df4b9ea4daf84941,b05f968910324fa5918863b0bfd3aef2b60cd661703135007350024d6b064496
E6,loss20,gbn,1,E6_gbn_loss20_trial01,0.2,0.0,100.0,0.0,,130687938,1048576,8,0.4,128.246865,8176.231052509548,1048576,1911,0.651107325383305,0,0,128.243864,0.0,124.83663874345564,gbn,True,ok,,130.494,1789654199.236,C:\Users\Ishaan Gupta\Hybrid-ARQ\logs\experiments\E6_gbn_loss20_trial01,6315ce429c6677e29542b277daf74766233b17558892615fde2173678e8493f0,6d699ae3c0801d962a96cb8710cf607ba80d551b1d65a01535a53458aacd50e8
E6,loss20,sr,1,E6_sr_loss20_trial01,0.2,0.0,100.0,0.0,,130687938,1048576,8,0.4,59.113945,17738.217268361976,1048576,218,0.17552334943639292,0,0,0.0,59.110759,125.07454556213017,sr,True,ok,,61.356,1789654329.778,C:\Users\Ishaan Gupta\Hybrid-ARQ\logs\experiments\E6_sr_loss20_trial01,e21e4ef8565960117c14b9ecf2edfa37dfd2590b0d25d41a7ac2f13154ae60ff,8caa08f767b331d92600299c085433280de26ef8f737ab062b69859e2ffd4da1
E6,loss20,hybrid,1,E6_hybrid_loss20_trial01,0.2,0.0,100.0,0.0,,130687938,1048576,8,0.4,65.844539,15925.026067841405,1048576,340,0.24926686217008798,1,1,9.284878,56.556639,124.87489374999984,sr,True,ok,,68.137,1789654391.163,C:\Users\Ishaan Gupta\Hybrid-ARQ\logs\experiments\E6_hybrid_loss20_trial01,df961d8680b61c61ef5885378cb4321791bbe24f7948ba7066d1b3e3040e10de,f4b131ecd496da18a8f14a5a70df1a82b059ca351232acfe4d9b14ad7d5f1c26
E6,loss20,fixed-hybrid,1,E6_fixed-hybrid_loss20_trial01,0.2,0.0,100.0,0.0,,130687938,1048576,8,0.4,125.427822,8359.995280791849,1048576,1875,0.6467747499137634,0,1,125.424363,0.0,124.55095876288631,gbn,True,ok,,127.727,1789654459.352,C:\Users\Ishaan Gupta\Hybrid-ARQ\logs\experiments\E6_fixed-hybrid_loss20_trial01,8ba4f1b430568a63b80e81f083fa88de1d7ce8acb4444fbb47f14634f5ec4dbd,b30e5bde6841bd9b8f6e99bc7875e88b194465912ae1f9865e9243e03f2d386a
E6,loss20,gbn,2,E6_gbn_loss20_trial02,0.2,0.0,100.0,0.0,,2106629103,1048576,8,0.4,149.831102,6998.386756843049,1048576,2304,0.6923076923076923,0,0,149.82774899999998,0.0,124.0464199999999,gbn,True,ok,,152.151,1789654587.165,C:\Users\Ishaan Gupta\Hybrid-ARQ\logs\experiments\E6_gbn_loss20_trial02,02a9b5ade6a0eeb2d6e5803b79b8937d0dadbaba2451dbe66eb59b33f5b1f7c9,ea4f954c593cf2cbc28a7aef123e43a5b52bdc83d275d6a3ee0181e7f7ada23e
E6,loss20,sr,2,E6_sr_loss20_trial02,0.2,0.0,100.0,0.0,,2106629103,1048576,8,0.4,68.996131,15197.605790388448,1048576,274,0.2110939907550077,0,0,0.0,68.99276300000001,124.14225774473367,sr,True,ok,,71.302,1789654739.422,C:\Users\Ishaan Gupta\Hybrid-ARQ\logs\experiments\E6_sr_loss20_trial02,ce156ac8b241290acbd8272cd51c37549299c3c673018c109af40f826e5f4bb1,69e9217ce44090e5154d93780daa0e7933190a4c8c471b19eeed7cc01dd8f98b
E6,loss20,hybrid,2,E6_hybrid_loss20_trial02,0.2,0.0,100.0,0.0,,2106629103,1048576,8,0.4,73.902068,14188.723379161731,1048576,410,0.2859135285913529,1,1,10.596283,63.302049000000004,124.910322454308,sr,True,ok,,76.203,1789654810.775,C:\Users\Ishaan Gupta\Hybrid-ARQ\logs\experiments\E6_hybrid_loss20_trial02,423adbff4a6dcd12f4a09a4f1d43dcc50f465801ea7c892a93d6a46012f82b44,1ddb4d1213cf7a74f49bdf086261841bb92bba884f5bfd1205d1d5c11eb16258
E6,loss20,fixed-hybrid,2,E6_fixed-hybrid_loss20_trial02,0.2,0.0,100.0,0.0,,2106629103,1048576,8,0.4,149.849789,6997.514023860254,1048576,2296,0.691566265060241,0,1,149.84661699999998,0.0,124.89591558441526,gbn,True,ok,,152.144,1789654887.039,C:\Users\Ishaan Gupta\Hybrid-ARQ\logs\experiments\E6_fixed-hybrid_loss20_trial02,505d323054cf6c44b811f6cc6445cf9777360edb27a5955a826ac53ba7b333d8,860717a0772db4bef6306ae12c841e99a45a520857554a2b61befe53f6932854
E6,loss20,gbn,3,E6_gbn_loss20_trial03,0.2,0.0,100.0,0.0,,1298701082,1048576,8,0.4,146.682344,7148.617695937556,1048576,2244,0.6866585067319462,0,0,146.679257,0.0,124.21002649006626,gbn,True,ok,,148.975,1789655039.293,C:\Users\Ishaan Gupta\Hybrid-ARQ\logs\experiments\E6_gbn_loss20_trial03,0f3c467b8ab835edb3ba9ca96d51f59adbdaff47e4247ca6fcd38a1b39ae870f,1973f111e06fcc427479ffceef8360653b1d56bf27a5fa59232ea0edfe619e96
E6,loss20,sr,3,E6_sr_loss20_trial03,0.2,0.0,100.0,0.0,,1298701082,1048576,8,0.4,64.014754,16380.223846521383,1048576,250,0.19623233908948196,0,0,0.0,64.011472,124.63046480582527,sr,True,ok,,66.32,1789655188.361,C:\Users\Ishaan Gupta\Hybrid-ARQ\logs\experiments\E6_sr_loss20_trial03,c70c2456bba5a76f6abc0d3b0ff92782d7a1cc705dcf9b0ac82a54e4cca10cdc,d907662c703e1d7f7bbc19eb8ecc5ad4d882fe1623e2a95027e07c1a7f68c702
E6,loss20,hybrid,3,E6_hybrid_loss20_trial03,0.2,0.0,100.0,0.0,,1298701082,1048576,8,0.4,68.25111,15363.501047821786,1048576,358,0.2590448625180897,1,1,8.449783,59.798229,124.8468901808785,sr,True,ok,,70.566,1789655254.733,C:\Users\Ishaan Gupta\Hybrid-ARQ\logs\experiments\E6_hybrid_loss20_trial03,83e25e1378f6b4e71b7fd9eb421a5eb35406952a2723626f6911e4c43438c914,da7217e6f624f5d1a8d42459601ef82e5b9444e6a684aabc713775c1260bc9b5
E6,loss20,fixed-hybrid,3,E6_fixed-hybrid_loss20_trial03,0.2,0.0,100.0,0.0,,1298701082,1048576,8,0.4,146.199728,7172.215806037615,1048576,2241,0.6863705972434916,0,1,146.19651399999998,0.0,124.38145333333313,gbn,True,ok,,148.502,1789655325.355,C:\Users\Ishaan Gupta\Hybrid-ARQ\logs\experiments\E6_fixed-hybrid_loss20_trial03,5a61cd0ff5f1a7cd78bbd8342cb32f2dd3d603f757d83a9b397b693a301dece2,75b4bbfe6a2a2b03cbb17f1f1645087f6c5d305ca24b30a0f670736a197dbab9
E6,loss20,gbn,4,E6_gbn_loss20_trial04,0.2,0.0,100.0,0.0,,1590218836,1048576,8,0.4,135.626229,7731.365884986746,1048576,2076,0.6696774193548387,0,0,135.622829,0.0,124.47722352941182,gbn,True,ok,,137.944,1789655473.95,C:\Users\Ishaan Gupta\Hybrid-ARQ\logs\experiments\E6_gbn_loss20_trial04,c1e73b9feb147c9f1c93205be56baadfed844bb32e9802ef35712dbd5a2d613a,909386c67ea14bf83e28dd41ae37af445d43d51b5e75185b1b1e842787568d90
E6,loss20,sr,4,E6_sr_loss20_trial04,0.2,0.0,100.0,0.0,,1590218836,1048576,8,0.4,63.859006,16420.174156797868,1048576,250,0.19623233908948196,0,0,0.0,63.855900000000005,124.55094705174494,sr,True,ok,,66.147,1789655612.006,C:\Users\Ishaan Gupta\Hybrid-ARQ\logs\experiments\E6_sr_loss20_trial04,67ae9fb03d2c55a48dabd9fe9b896f249934ab94136cca0ade041770423264ab,bb8a7b2a5ff4fb13b323351e1b7e6f808876374e0c668358165a72deb54b8ebb
E6,loss20,hybrid,4,E6_hybrid_loss20_trial04,0.2,0.0,100.0,0.0,,1590218836,1048576,8,0.4,68.98413,15200.249680614948,1048576,400,0.2808988764044944,1,1,12.091949999999999,56.888968999999996,124.6316032953105,sr,True,ok,,71.299,1789655678.205,C:\Users\Ishaan Gupta\Hybrid-ARQ\logs\experiments\E6_hybrid_loss20_trial04,2e96da5d9165d5958a1129e2ca1b012a5cd1d8cf0054bc2984ed6fc87c71adee,fc4d89083d960c897ac7b65e6253432f0fd9d6e5ddeddba3ac257d20124a465e
E6,loss20,fixed-hybrid,4,E6_fixed-hybrid_loss20_trial04,0.2,0.0,100.0,0.0,,1590218836,1048576,8,0.4,136.33558,7691.139759701759,1048576,2074,0.6694641704325371,0,1,136.332453,0.0,124.67033707865197,gbn,True,ok,,138.668,1789655749.562,C:\Users\Ishaan Gupta\Hybrid-ARQ\logs\experiments\E6_fixed-hybrid_loss20_trial04,163f13c08c05a8261f76f30907cd526b92c11f1ef0a7b7162bce5bf3d61e1c4b,122e9a26d516f55aedc1badee25ae45ce97287520cc2ce63b1f32655fa75019f
E7,rtt010,gbn,0,E7_gbn_rtt010_trial00,0.05,0.0,10.0,0.0,,1193445366,1048576,8,0.2,16.30527,64309.02401493505,1048576,448,0.30434782608695654,0,0,16.301661,0.0,31.02956296296298,gbn,True,ok,,18.645,1789655888.331,C:\Users\Ishaan Gupta\Hybrid-ARQ\logs\experiments\E7_gbn_rtt010_trial00,e08c57d3174987701af9b254bfb0a038276b68cf9d33c5b6f6ce7ca26c8848b7,f19b6339415545af727d8072bb527252663872af2136067b3ff71bf03b7d70d2
E7,rtt010,sr,0,E7_sr_rtt010_trial00,0.05,0.0,10.0,0.0,,1193445366,1048576,8,0.2,12.124513,86483.96846949647,1048576,56,0.05185185185185185,0,0,0.0,12.121401,31.1134705882353,sr,True,ok,,14.464,1789655907.024,C:\Users\Ishaan Gupta\Hybrid-ARQ\logs\experiments\E7_sr_rtt010_trial00,c4539dd29b48b4455f3f65f3a1777356eacaaf2776c465bf6c36636eb0e02232,f3ed840a7af8900cf02a8854a26807fb3d141a54ef1ba0873bae4b8dfbe57cdf
E7,rtt010,hybrid,0,E7_hybrid_rtt010_trial00,0.05,0.0,10.0,0.0,,1193445366,1048576,8,0.2,12.354257,84875.6829326118,1048576,104,0.09219858156028368,1,1,2.3715530000000005,9.979405000000002,31.21426980728052,sr,True,ok,,14.734,1789655921.529,C:\Users\Ishaan Gupta\Hybrid-ARQ\logs\experiments\E7_hybrid_rtt010_trial00,a3a5738d712fd20388096ae0f1614edd7067f78afb940efcf1785d5c6f2d653b,fc325db3fcb7403dcca95657f9fa14f6d219078b33f29138232790d1cff9bafb
E7,rtt010,gbn,1,E7_gbn_rtt010_trial01,0.05,0.0,10.0,0.0,,635582463,1048576,8,0.2,16.001752,65528.82459370699,1048576,432,0.2967032967032967,0,0,15.997535,0.0,30.811791304347825,gbn,True,ok,,18.39,1789655936.317,C:\Users\Ishaan Gupta\Hybrid-ARQ\logs\experiments\E7_gbn_rtt010_trial01,38fba1d73f80115547ac14ef484688fabbfc8d98c4eefddca98e2406f9e6236d,b8bf9b9e23a89a4d56d3a901fe3fca44d7af69954d9f3d95c950bf2e4d8897b6
E7,rtt010,sr,1,E7_sr_rtt010_trial01,0.05,0.0,10.0,0.0,,635582463,1048576,8,0.2,12.451917,84210.00557584828,1048576,56,0.05185185185185185,0,0,0.0,12.448967,31.17916255144035,sr,True,ok,,14.791,1789655954.758,C:\Users\Ishaan Gupta\Hybrid-ARQ\logs\experiments\E7_sr_rtt010_trial01,397b8719ab19f0f61a1b058be783b1333d16640b14c59e78e95b7ecb0a72f8e6,0a09c4e901959b41d6da80631e71b360d638eb2871b345f5eb182883aed7db7f
E7,rtt010,hybrid,1,E7_hybrid_rtt010_trial01,0.05,0.0,10.0,0.0,,635582463,1048576,8,0.2,12.65821,82837.62080104533,1048576,90,0.0807899461400359,1,1,1.513037,11.142125,31.087934805467917,sr,True,ok,,14.996,1789655969.589,C:\Users\Ishaan Gupta\Hybrid-ARQ\logs\experiments\E7_hybrid_rtt010_trial01,821cca8545dc4e1ca369e6dd73a6624f3a883e55966df13b2fd7a3c4d827b583,029cdc12af5bb31016273ed10d57efaa551da7cae1c142d59ef62fcd337436d0
E7,rtt010,gbn,2,E7_gbn_rtt010_trial02,0.05,0.0,10.0,0.0,,611245177,1048576,8,0.2,15.172431,69110.61253137352,1048576,404,0.28291316526610644,0,0,15.169417,0.0,31.175137588652458,gbn,True,ok,,17.512,1789655984.632,C:\Users\Ishaan Gupta\Hybrid-ARQ\logs\experiments\E7_gbn_rtt010_trial02,b46ec737959ad72c11cc513f6b335e2223f17cb8cdd13b0c18849a549d2c1bd6,351991ac4d455e0d217855b672da219f10a40548fe4d1cdf5abba5ac122cd334
E7,rtt010,sr,2,E7_sr_rtt010_trial02,0.05,0.0,10.0,0.0,,611245177,1048576,8,0.2,11.223298,93428.5091601417,1048576,49,0.045666356011183594,0,0,0.0,11.220125,31.20863050153529,sr,True,ok,,13.579,1789656002.19,C:\Users\Ishaan Gupta\Hybrid-ARQ\logs\experiments\E7_sr_rtt010_trial02,fe5ddc2f016ab321fae018169334cff0ffef00617172287d3c123b1e778d6271,1ae03bc23b35f1e18b980997cfc8e419e5aab0cebb4325e546ed4f7541c0f963
E7,rtt010,hybrid,2,E7_hybrid_rtt010_trial02,0.05,0.0,10.0,0.0,,611245177,1048576,8,0.2,11.913864,88013.09130270414,1048576,80,0.07246376811594203,1,1,1.377973,10.532653,31.167799154334052,sr,True,ok,,14.275,1789656015.825,C:\Users\Ishaan Gupta\Hybrid-ARQ\logs\experiments\E7_hybrid_rtt010_trial02,84a2f432ca895d66b8be2f76757ff295dde74c2f9e411f927867024be205f473,c93e758b136a36091e6895c8fc90274d84eac2abebb6134b2b496a51bbb52ec8
E7,rtt010,gbn,3,E7_gbn_rtt010_trial03,0.05,0.0,10.0,0.0,,433810690,1048576,8,0.2,16.246767,64540.59444565187,1048576,442,0.3015006821282401,0,0,16.243671999999997,0.0,30.994545586107098,gbn,True,ok,,18.597,1789656030.145,C:\Users\Ishaan Gupta\Hybrid-ARQ\logs\experiments\E7_gbn_rtt010_trial03,e69474894c4d761f27464670f7911cb7ad0989bf295c31bf363eb45cb386e711,f4df4bb291242064958eaa0b57985540289f9a7224e9bc58db13f78bfbd57ff6
E7,rtt010,sr,3,E7_sr_rtt010_trial03,0.05,0.0,10.0,0.0,,433810690,1048576,8,0.2,12.19991,85949.48651260542,1048576,56,0.05185185185185185,0,0,0.0,12.196867999999998,31.16090329218108,sr,True,ok,,14.54,1789656048.797,C:\Users\Ishaan Gupta\Hybrid-ARQ\logs\experiments\E7_sr_rtt010_trial03,5e986a530fc878dd2c0070de9a892672c64c3fbf3f250308487a9ad680089cab,f6e7a344f81765e3d77c2b2fdb78e3828033415d8145545439f2324d87c7faa7
E7,rtt010,hybrid,3,E7_hybrid_rtt010_trial03,0.05,0.0,10.0,0.0,,433810690,1048576,8,0.2,12.668109,82772.89057111839,1048576,116,0.10175438596491228,1,1,2.53395,10.130343,31.156927801724127,sr,True,ok,,15.013,1789656063.388,C:\Users\Ishaan Gupta\Hybrid-ARQ\logs\experiments\E7_hybrid_rtt010_trial03,415f684fd19ce4fe4d9b89cfcb3cb674491c1a8d81fd9aa1c912f0d7e4b0f7d0,b79d2f97e655c034b85b8872f869891348eb1093109429a967aef8a2b4f327dc
E7,rtt010,gbn,4,E7_gbn_rtt010_trial04,0.05,0.0,10.0,0.0,,1959979285,1048576,8,0.2,13.584972,77186.46751719473,1048576,312,0.23353293413173654,0,0,13.582630000000002,0.0,31.018692207792174,gbn,True,ok,,15.929,1789656078.45,C:\Users\Ishaan Gupta\Hybrid-ARQ\logs\experiments\E7_gbn_rtt010_trial04,974b3c9519be6bdb0979ed654de9efa818c4d1b73773d89f0486e147e4ae58fc,f253324334335b98f936863ee5309d748b8c7e2bc37110c7fe329216d74eeef6
E7,rtt010,sr,4,E7_sr_rtt010_trial04,0.05,0.0,10.0,0.0,,1959979285,1048576,8,0.2,11.809738,88789.09930093284,1048576,47,0.04388422035480859,0,0,0.0,11.807096,31.151039877300622,sr,True,ok,,14.151,1789656094.426,C:\Users\Ishaan Gupta\Hybrid-ARQ\logs\experiments\E7_sr_rtt010_trial04,5f7a620a10413151ac1e176531fb5bfccf0e0aae97da09f5116f9b5f88344c95,1f8f1e95162c336f6659d60d5fd041e71215c027d7985afa83c3e4a61f33746f
E7,rtt010,hybrid,4,E7_hybrid_rtt010_trial04,0.05,0.0,10.0,0.0,,1959979285,1048576,8,0.2,11.94418,87789.7017626995,1048576,67,0.0614115490375802,1,1,2.464117,9.477692999999999,31.061992693110657,sr,True,ok,,14.314,1789656108.627,C:\Users\Ishaan Gupta\Hybrid-ARQ\logs\experiments\E7_hybrid_rtt010_trial04,9a70f75c53827b91df8e15ea61c5be37997f2dee4ddbbb21847b757eb7a9bc3d,3ed5f4f8c7c1fe0c27f394f3219517baf9ccc9208a40d60b4b609edfe4cd0a60
E7,rtt050,gbn,0,E7_gbn_rtt050_trial00,0.05,0.0,50.0,0.0,,3095114495,1048576,8,0.2,21.739831,48232.94164522254,1048576,471,0.31505016722408025,0,0,21.736634,0.0,62.126412576687095,gbn,True,ok,,24.079,1789656122.985,C:\Users\Ishaan Gupta\Hybrid-ARQ\logs\experiments\E7_gbn_rtt050_trial00,53edee5a85a3bf71c341258d90cbf597f4fbff0fc9e67374a7c7bfdb2bb8afd5,5856ea33b5efa056e3e75f6ce0d4a62dcf0c6189ff42eb84baa31013d5e385d1
E7,rtt050,sr,0,E7_sr_rtt050_trial00,0.05,0.0,50.0,0.0,,3095114495,1048576,8,0.2,15.43086,67953.17953762785,1048576,52,0.048327137546468404,0,0,0.0,15.427707,62.31047897435896,sr,True,ok,,17.767,1789656147.112,C:\Users\Ishaan Gupta\Hybrid-ARQ\logs\experiments\E7_sr_rtt050_trial00,256d6340c2995b3e83fac692f4af777cb042c236917d75841628c8e91e47b6cb,d555230c6a63a68385baafa63f09873dfab39f6dfe2b02c119ae054030261497
E7,rtt050,hybrid,0,E7_hybrid_rtt050_trial00,0.05,0.0,50.0,0.0,,3095114495,1048576,8,0.2,16.546716,63370.64103837885,1048576,123,0.10723626852659111,3,3,4.463183000000001,12.08035,62.52034929270945,sr,True,ok,,18.875,1789656164.92,C:\Users\Ishaan Gupta\Hybrid-ARQ\logs\experiments\E7_hybrid_rtt050_trial00,b616074ac2eead2b332432a75324e9d1573c4ae5c57af976b0a11923c52ee391,c7db031bf04d78d736a0ecbb8d73b6202bbcaacf1b58ac6d5f7f44bf0c14b314
E7,rtt050,gbn,1,E7_gbn_rtt050_trial01,0.05,0.0,50.0,0.0,,1091191387,1048576,8,0.2,22.785993,46018.44650790509,1048576,506,0.330718954248366,0,0,22.782806,0.0,62.15598848684209,gbn,True,ok,,25.111,1789656183.846,C:\Users\Ishaan Gupta\Hybrid-ARQ\logs\experiments\E7_gbn_rtt050_trial01,95ef6bb3bce97d094013a5fdfd0c49ac518c5f1750b09d73165bd0201228e67c,244668c92cb61a2b5b6520b87ea607d7c7d5f4fa06eb857c47e5942ba26c21a4
E7,rtt050,sr,1,E7_sr_rtt050_trial01,0.05,0.0,50.0,0.0,,1091191387,1048576,8,0.2,16.820368,62339.658680475965,1048576,54,0.05009276437847866,0,0,0.0,16.816684,62.06419404517457,sr,True,ok,,19.164,1789656209.018,C:\Users\Ishaan Gupta\Hybrid-ARQ\logs\experiments\E7_sr_rtt050_trial01,14291d5a5e7af2ac4a28891312c8e86d795462f23eca4d205967457f52f3d949,4ef3e510c4731046e824b7ec300fcfff3f29495f5bbb0c176a7142635db8e096
E7,rtt050,hybrid,1,E7_hybrid_rtt050_trial01,0.05,0.0,50.0,0.0,,1091191387,1048576,8,0.2,18.562386,56489.28968506527,1048576,99,0.0881567230632235,1,1,2.242433,16.316785,62.32860484720758,sr,True,ok,,20.941,1789656228.229,C:\Users\Ishaan Gupta\Hybrid-ARQ\logs\experiments\E7_hybrid_rtt050_trial01,0d64cf7947c8756378e5ccfbf2de1dca67b937c8b25fc637984630cbb622e1dd,051009f91ee5d853b03864b7cc59adf9b90ef975e0992ab5ddcb54d241fe8381
E7,rtt050,gbn,2,E7_gbn_rtt050_trial02,0.05,0.0,50.0,0.0,,4170511010,1048576,8,0.2,18.941408,55358.92579896912,1048576,336,0.24705882352941178,0,0,18.938578999999997,0.0,62.24402956989247,gbn,True,ok,,21.271,1789656249.212,C:\Users\Ishaan Gupta\Hybrid-ARQ\logs\experiments\E7_gbn_rtt050_trial02,0a7edc074365dd0dc2bc96aabcd1199d18a66f341b720fd485b4e78b0eefa8b7,0c847f1ed7fb55ec148dcfbaa2e9f55e691acdbbde74a7590a8aa63ce96e626e
E7,rtt050,sr,2,E7_sr_rtt050_trial02,0.05,0.0,50.0,0.0,,4170511010,1048576,8,0.2,14.411773,72758.2928207376,1048576,37,0.034872761545711596,0,0,0.0,14.409130000000001,62.4908074974671,sr,True,ok,,16.751,1789656270.538,C:\Users\Ishaan Gupta\Hybrid-ARQ\logs\experiments\E7_sr_rtt050_trial02,8f8ae6fa4a91a775b03fd8b71d54383551f4bb4923338ffb40d28db0ebf36c90,f927842a99a0662caa21e27fc4cbcfb629f97309e6ef524561ac228adb3953c3
E7,rtt050,hybrid,2,E7_hybrid_rtt050_trial02,0.05,0.0,50.0,0.0,,4170511010,1048576,8,0.2,14.968698,70051.24961436192,1048576,65,0.05968778696051423,1,1,3.3100140000000002,11.655752,62.282806217616574,sr,True,ok,,17.313,1789656287.335,C:\Users\Ishaan Gupta\Hybrid-ARQ\logs\experiments\E7_hybrid_rtt050_trial02,c9438e1ffb5df7ac7741973ca8cb54adbab143b7c76a0c760742b18e9a44349e,5a795d5e89f8f24fa6f2077dc43eed564026ee9cf9e5a1e0521deb41687534e0
E7,rtt050,gbn,3,E7_gbn_rtt050_trial03,0.05,0.0,50.0,0.0,,2789493724,1048576,8,0.2,19.533001,53682.278519312014,1048576,360,0.26011560693641617,0,0,19.529889999999998,0.0,62.15665314685315,gbn,True,ok,,21.907,1789656304.692,C:\Users\Ishaan Gupta\Hybrid-ARQ\logs\experiments\E7_gbn_rtt050_trial03,47e23f9c760ce13c2e06bc56cb4cb9a3b6f35af3d3fba4d78b36d9dd31c388a6,ea396d2064d508137760cf27fbe4651eab2f553025fc393e8a03d2d1f8a83cda
E7,rtt050,sr,3,E7_sr_rtt050_trial03,0.05,0.0,50.0,0.0,,2789493724,1048576,8,0.2,16.508081,63518.95171825241,1048576,49,0.045666356011183594,0,0,0.0,16.505595000000003,62.20073517382413,sr,True,ok,,18.887,1789656326.651,C:\Users\Ishaan Gupta\Hybrid-ARQ\logs\experiments\E7_sr_rtt050_trial03,75be1680053965dee86a1f6c176df65551144e2a86f138f2fbab259056a432ac,8f09640cf6d8172e6648c1ceadaca0b13f5206a8e4c48eac49bb2b146e2acca2
E7,rtt050,hybrid,3,E7_hybrid_rtt050_trial03,0.05,0.0,50.0,0.0,,2789493724,1048576,8,0.2,16.876309,62133.01735586852,1048576,86,0.07747747747747748,1,1,3.350504,13.52333,62.383265392781325,sr,True,ok,,19.211,1789656345.58,C:\Users\Ishaan Gupta\Hybrid-ARQ\logs\experiments\E7_hybrid_rtt050_trial03,027cc4d1a430a4766091fb753e778787ea885949fe3dce3e2626762a35f8264b,ccfe3efdcdd8cb5f6cd4a0fa78bb98a2b0d454dea4df2111ee2c7faeb8658c1a
E7,rtt050,gbn,4,E7_gbn_rtt050_trial04,0.05,0.0,50.0,0.0,,3834268839,1048576,8,0.2,22.105397,47435.29374297146,1048576,480,0.3191489361702128,0,0,22.102227,0.0,62.23051010886468,gbn,True,ok,,24.418,1789656364.835,C:\Users\Ishaan Gupta\Hybrid-ARQ\logs\experiments\E7_gbn_rtt050_trial04,20db4e4c3a9581cf86be0af84690857bd2edbf45cba4f60f66f88613547cbc3b,4ae1c1b4b4f72e767673a45ce6853c64d95277bdda1f376b2f687922e26405c3
E7,rtt050,sr,4,E7_sr_rtt050_trial04,0.05,0.0,50.0,0.0,,3834268839,1048576,8,0.2,16.940797,61896.497549672546,1048576,69,0.06312900274473925,0,0,0.0,16.937032,62.27543229166667,sr,True,ok,,19.265,1789656389.304,C:\Users\Ishaan Gupta\Hybrid-ARQ\logs\experiments\E7_sr_rtt050_trial04,96d8d7731c2e03e75145557b6afa6fcdf2e54fa84b62d26b772d2cde47719b82,ebbe5802b37f0c96357d583823095571388c64bd9bc6ce70dc09924661fdc3b5
E7,rtt050,hybrid,4,E7_hybrid_rtt050_trial04,0.05,0.0,50.0,0.0,,3834268839,1048576,8,0.2,18.195541,57628.18483935158,1048576,128,0.1111111111111111,1,1,2.948787,15.243621999999998,62.46674002157499,sr,True,ok,,20.472,1789656408.618,C:\Users\Ishaan Gupta\Hybrid-ARQ\logs\experiments\E7_hybrid_rtt050_trial04,e186ff298fd9bbc0503af058ae8c53bd913497ff7dae2663d58378d932981a58,09787f3d126729a72a542f88aef201c3d12e0c4987fce805fdfae948ee2f90e2
E7,rtt100,gbn,0,E7_gbn_rtt100_trial00,0.05,0.0,100.0,0.0,,411125476,1048576,8,0.4,42.993356,24389.256795863996,1048576,456,0.3081081081081081,0,0,42.990182000000004,0.0,124.745888888889,gbn,True,ok,,45.286,1789656429.116,C:\Users\Ishaan Gupta\Hybrid-ARQ\logs\experiments\E7_gbn_rtt100_trial00,d76ef0faad3a3346c26bc331b263790402a6a8ed5876461352c80e39ef23f6c0,67bd7b99fffd00df6b9369fed9b2626dc6e467db2db7db2bcb8c3504e1dc25f4
E7,rtt100,sr,0,E7_sr_rtt100_trial00,0.05,0.0,100.0,0.0,,411125476,1048576,8,0.4,32.606129,32158.86191212701,1048576,66,0.060550458715596334,0,0,0.0,32.603119,124.86970031217486,sr,True,ok,,34.904,1789656474.466,C:\Users\Ishaan Gupta\Hybrid-ARQ\logs\experiments\E7_sr_rtt100_trial00,d1c6605da4d825c694e0778470061eab66e2b36d1ac1a47e879880f1ecb7f0d9,cd4f65909933850515f102091805d98638d75720b447cad5681ba47565622788
E7,rtt100,hybrid,0,E7_hybrid_rtt100_trial00,0.05,0.0,100.0,0.0,,411125476,1048576,8,0.4,34.264148,30602.716285255367,1048576,98,0.0873440285204991,1,1,3.7708230000000005,30.490105999999997,124.80776149732617,sr,True,ok,,36.543,1789656509.413,C:\Users\Ishaan Gupta\Hybrid-ARQ\logs\experiments\E7_hybrid_rtt100_trial00,980f9eb803fe512c0181e6b23162404f5241e471edd99629a73bb3d6bf64258f,8f2d8a69f3fa2a48b119c4c8491dd1f9d0d7eca5eff6b8ca82c5d39d5918422b
E7,rtt100,gbn,1,E7_gbn_rtt100_trial01,0.05,0.0,100.0,0.0,,1803502599,1048576,8,0.4,37.947796,27632.065904433555,1048576,376,0.26857142857142857,0,0,37.944576999999995,0.0,124.50223285714284,gbn,True,ok,,40.224,1789656546.01,C:\Users\Ishaan Gupta\Hybrid-ARQ\logs\experiments\E7_gbn_rtt100_trial01,32ace7f6affe5a31144ebba2f2ff54cdc4bda174485e9f4db14132e4e39361e0,86248f4ed9aa4e71b60d044009b4197fb01b15f3b511da6cc306da0d46872bb8
E7,rtt100,sr,1,E7_sr_rtt100_trial01,0.05,0.0,100.0,0.0,,1803502599,1048576,8,0.4,30.048691,34895.89613071664,1048576,48,0.04477611940298507,0,0,0.0,30.045429000000002,124.81775562372191,sr,True,ok,,32.355,1789656586.29,C:\Users\Ishaan Gupta\Hybrid-ARQ\logs\experiments\E7_sr_rtt100_trial01,b012d4d0f36524e721ba381f5450a6df4ffb15425eecbbd6fe5304fa2fa2a186,a9c9d387ce6f58cc137b2a3b8e5d310c441a4101b72a06c6c6ec27dee21322b0
E7,rtt100,hybrid,1,E7_hybrid_rtt100_trial01,0.05,0.0,100.0,0.0,,1803502599,1048576,8,0.4,31.216744,33590.17839913093,1048576,79,0.07162284678150499,1,1,3.8973890000000004,27.315938999999997,124.89797589098532,sr,True,ok,,33.508,1789656618.692,C:\Users\Ishaan Gupta\Hybrid-ARQ\logs\experiments\E7_hybrid_rtt100_trial01,af1b02fd89145654f36d4798e8c21a3bbb77045c01dfa68785b12cb399b9a9d0,b0260e624927b192617ac87094a9619a5e8406827ff827fe1a9790ee5254c85b
E7,rtt100,gbn,2,E7_gbn_rtt100_trial02,0.05,0.0,100.0,0.0,,3177642179,1048576,8,0.4,48.167603,21769.320761093302,1048576,533,0.34232498394348104,0,0,48.163698,0.0,124.65475041597337,gbn,True,ok,,50.411,1789656815.174,C:\Users\Ishaan Gupta\Hybrid-ARQ\logs\experiments\E7_gbn_rtt100_trial02,a6aa4d862170dcf2cf29916a545039c03a04c134f9cbe9a38690f9ae9640427a,b31699327f6e3d8d7f79f45d5d8d6882a48f9040d3e586141631898c493dce5d
E7,rtt100,sr,2,E7_sr_rtt100_trial02,0.05,0.0,100.0,0.0,,3177642179,1048576,8,0.4,33.909272,30922.987671336617,1048576,65,0.05968778696051423,0,0,0.0,33.906504999999996,124.63968854166666,sr,True,ok,,36.17,1789656865.619,C:\Users\Ishaan Gupta\Hybrid-ARQ\logs\experiments\E7_sr_rtt100_trial02,c0c0e2f1f8d2ae42f64b64bf0ad305c7fe690c05af2e9966a1e55e1683018a82,05e2060d92ee1a7ee64c412bdf544b478e782a0196caf353614c0b615b478d10
E7,rtt100,hybrid,2,E7_hybrid_rtt100_trial02,0.05,0.0,100.0,0.0,,3177642179,1048576,8,0.4,34.988913,29968.807547693752,1048576,103,0.09139307897071872,1,1,4.560771,30.424830999999998,124.73908207343409,sr,True,ok,,37.242,1789656901.815,C:\Users\Ishaan Gupta\Hybrid-ARQ\logs\experiments\E7_hybrid_rtt100_trial02,8b8e23ced99e52474c5b4e9888a000c6fb199fe80624bffab8fcb994525d8708,c8a2b4f77b178b9dd18c7462fc090d8133464044b003b8e4996a2e9a5607bedb
E7,rtt100,gbn,3,E7_gbn_rtt100_trial03,0.05,0.0,100.0,0.0,,4206644659,1048576,8,0.4,42.890688,24447.63767836972,1048576,456,0.3081081081081081,0,0,42.887724999999996,0.0,125.09839589442814,gbn,True,ok,,45.122,1789656939.084,C:\Users\Ishaan Gupta\Hybrid-ARQ\logs\experiments\E7_gbn_rtt100_trial03,eeff791aa6124295e4cb6fba37140167b839ece78492bc5decf82563ac5d8bfa,1193fceaa837223f903b492d82a79d0c5f91f313864bbce25c96b20022585d81
E7,rtt100,sr,3,E7_sr_rtt100_trial03,0.05,0.0,100.0,0.0,,4206644659,1048576,8,0.4,32.024296,32743.139771128772,1048576,58,0.053604436229205174,0,0,0.0,32.021233,124.8247530864198,sr,True,ok,,34.26,1789656984.238,C:\Users\Ishaan Gupta\Hybrid-ARQ\logs\experiments\E7_sr_rtt100_trial03,e491a621f9c4d153e33f81b3064461eadcbd7d89f953651b20d26fd34dc34424,61b00883a45f99bb2129746ab95975f07e021d1e84d8c0b811c1a700b5b21f33
E7,rtt100,hybrid,3,E7_hybrid_rtt100_trial03,0.05,0.0,100.0,0.0,,4206644659,1048576,8,0.4,32.278906,32484.867981585252,1048576,64,0.058823529411764705,1,1,3.520882,28.754574,124.85347619047623,sr,True,ok,,34.537,1789657018.522,C:\Users\Ishaan Gupta\Hybrid-ARQ\logs\experiments\E7_hybrid_rtt100_trial03,4d3067d8805b1915705c93ad762a1145ef5151e1fee6f37598acc2a8b3506892,ca68106247efdde0665e5ad47b65667ab84ee8013f6bc564ea40e502901ae9bd
E7,rtt100,gbn,4,E7_gbn_rtt100_trial04,0.05,0.0,100.0,0.0,,813732774,1048576,8,0.4,37.008728,28333.208317778444,1048576,360,0.26011560693641617,0,0,37.005722999999996,0.0,124.7996260053619,gbn,True,ok,,39.252,1789657053.085,C:\Users\Ishaan Gupta\Hybrid-ARQ\logs\experiments\E7_gbn_rtt100_trial04,54ff2ad33cef42dc193abb1035520de909f0d1acead483a3a3c9bac95aeded32,df3a3c8e627b57b539f4b1da79683f6bcf1920099c4481275f6620c260d9ab0f
E7,rtt100,sr,4,E7_sr_rtt100_trial04,0.05,0.0,100.0,0.0,,813732774,1048576,8,0.4,30.401639,34490.772027126564,1048576,49,0.045666356011183594,0,0,0.0,30.398547,124.85252706843724,sr,True,ok,,32.645,1789657092.365,C:\Users\Ishaan Gupta\Hybrid-ARQ\logs\experiments\E7_sr_rtt100_trial04,bf1518e1255ac2adb349e43508ea49ef20ca13c4ea8f9e8ae06e496c2b9d66de,ac95cf56ed544b09b30f23df2cafae2e4cc6ab35d4b774eefa6645a8c0663f33
E7,rtt100,hybrid,4,E7_hybrid_rtt100_trial04,0.05,0.0,100.0,0.0,,813732774,1048576,8,0.4,33.041657,31734.970192324192,1048576,90,0.0807899461400359,3,3,7.095222,25.943551,124.85961481481479,sr,True,ok,,35.286,1789657125.036,C:\Users\Ishaan Gupta\Hybrid-ARQ\logs\experiments\E7_hybrid_rtt100_trial04,38fc1b1e734d81b262de856225aa6d95b895a8ede81cf4dc0de319933df9392b,5caa33753672bf8e04a4b194cbc78b77fdf52f01a43a22b3c6aa9f4ba5878d1c
E7,rtt500,gbn,0,E7_gbn_rtt500_trial00,0.05,0.0,500.0,0.0,,4294924872,1048576,8,2.0,195.736156,5357.088958056374,1048576,456,0.3081081081081081,0,0,195.73320800000002,0.0,519.1995046874997,gbn,True,ok,,197.777,1789657160.347,C:\Users\Ishaan Gupta\Hybrid-ARQ\logs\experiments\E7_gbn_rtt500_trial00,e5f230def6c6307626ad2aba33fb36617b3c1d7d03997c48967ea33ce593825b,24d0199bc2a8d087c4a7fa0b3a7dc50ce4ccda63f98e48a2fce2d5ba45f22e80
E7,rtt500,sr,0,E7_sr_rtt500_trial00,0.05,0.0,500.0,0.0,,4294924872,1048576,8,2.0,144.605762,7251.273984504159,1048576,52,0.048327137546468404,0,0,0.0,144.60282899999999,519.9435601233298,sr,True,ok,,146.647,1789657358.154,C:\Users\Ishaan Gupta\Hybrid-ARQ\logs\experiments\E7_sr_rtt500_trial00,4b3483e40245671990595cb02a30960058db6ac4e23f2403f76241d3e3671997,02ef3198d9c78aa2d4945400ac2d5a5a2336d182abec8b0ac04b640c7a157fdd
E7,rtt500,hybrid,0,E7_hybrid_rtt500_trial00,0.05,0.0,500.0,0.0,,4294924872,1048576,8,2.0,148.502721,7060.9884649857695,1048576,90,0.0807899461400359,1,1,20.440394,128.059324,521.6680846560847,sr,True,ok,,150.555,1789657504.826,C:\Users\Ishaan Gupta\Hybrid-ARQ\logs\experiments\E7_hybrid_rtt500_trial00,10c84f538fb796ec675f9cbf60f1bddc6d19df93583825d50be6c6129478da2f,38bba3649ab5f14284a1525937530c739390b01f29e1cb16fb75585d63424dd1
E7,rtt500,gbn,1,E7_gbn_rtt500_trial01,0.05,0.0,500.0,0.0,,3070715599,1048576,8,2.0,165.970089,6317.86128643939,1048576,344,0.25146198830409355,0,0,165.967114,0.0,521.2487170596387,gbn,True,ok,,168.018,1789657655.408,C:\Users\Ishaan Gupta\Hybrid-ARQ\logs\experiments\E7_gbn_rtt500_trial01,c648768f91718ff7b7e8d4c4a7bfa4cb9b113f89e1503bf9ac165eefd9af5133,c0a7cfbad9218c3b53ff256bb7292cbcf47bea00d3dcff48366dd3165cb58333
E7,rtt500,sr,1,E7_sr_rtt500_trial01,0.05,0.0,500.0,0.0,,3070715599,1048576,8,2.0,136.283095,7694.101751945096,1048576,44,0.04119850187265917,0,0,0.0,136.279692,521.475806122449,sr,True,ok,,138.347,1789657823.452,C:\Users\Ishaan Gupta\Hybrid-ARQ\logs\experiments\E7_sr_rtt500_trial01,91dc92e114353c335b761895ee6fe449023fc76471bc4a7452c8b80e73e6ad13,df73e623e85371e8a8f00af548e82373d77bdcf4851bfb3f9b3514499f12a014
E7,rtt500,hybrid,1,E7_hybrid_rtt500_trial01,0.05,0.0,500.0,0.0,,3070715599,1048576,8,2.0,144.380495,7262.587650776512,1048576,105,0.09300265721877768,3,3,34.223786000000004,110.153551,519.6067588805167,sr,True,ok,,146.428,1789657961.824,C:\Users\Ishaan Gupta\Hybrid-ARQ\logs\experiments\E7_hybrid_rtt500_trial01,7389a1ac0df189200cfeda0ab4ed8c6526c18c425c29762eda4110445e9b17a0,766fb4ddbd531cf6f98b38114aa2f0a4fe6a5103b69d07bfd2aa998d92af5b74
E7,rtt500,gbn,2,E7_gbn_rtt500_trial02,0.05,0.0,500.0,0.0,,3455033129,1048576,8,2.0,180.814088,5799.194142438724,1048576,400,0.2808988764044944,0,0,180.810334,0.0,522.5333970802925,gbn,True,ok,,182.882,1789658108.279,C:\Users\Ishaan Gupta\Hybrid-ARQ\logs\experiments\E7_gbn_rtt500_trial02,19eda06a6f17ff91fe8da09d6b2c3d2772811a1902da5af47563d8de2f8c09d8,db561dff0bddb1023312464f1f99fdfe955e4ee0c67f133cb90104aec2af6bcb
E7,rtt500,sr,2,E7_sr_rtt500_trial02,0.05,0.0,500.0,0.0,,3455033129,1048576,8,2.0,144.188618,7272.252238384031,1048576,54,0.05009276437847866,0,0,0.0,144.18557099999998,520.3727510288065,sr,True,ok,,146.24,1789658291.19,C:\Users\Ishaan Gupta\Hybrid-ARQ\logs\experiments\E7_sr_rtt500_trial02,00fba37b65d70b61576f511b4584d8cfb80bfd8f1e92a407d1bb18f192b9debb,657dc54bd962de3fc652f0ffbd7199e3447597211cbda1034f6b9c4150ef8e91
E7,rtt500,hybrid,2,E7_hybrid_rtt500_trial02,0.05,0.0,500.0,0.0,,3455033129,1048576,8,2.0,147.818726,7093.661462080251,1048576,74,0.06739526411657559,1,1,12.2822,135.533496,521.7149506302522,sr,True,ok,,149.853,1789658437.455,C:\Users\Ishaan Gupta\Hybrid-ARQ\logs\experiments\E7_hybrid_rtt500_trial02,a180ee70c565de09707aa86aadd33c1ca4548d6e9b8e865f2ba0496d67bb0dcf,ed6859d9fbadb57d5b0a230e98d6a35f66f9ab4992a3564b1f12bca094deadd0
E7,rtt500,gbn,3,E7_gbn_rtt500_trial03,0.05,0.0,500.0,0.0,,3084132674,1048576,8,2.0,171.116634,6127.8437723360075,1048576,368,0.26436781609195403,0,0,171.113651,0.0,521.4270373443985,gbn,True,ok,,173.162,1789658587.333,C:\Users\Ishaan Gupta\Hybrid-ARQ\logs\experiments\E7_gbn_rtt500_trial03,3aee68cbe06af1107253cd50160fa5e921468d2c027b9ca0d5f99ea50c38533a,f73db4dc017ecc9290c8b1fc127ded796fe3b6e965e316ca43e5fbb9ba8fa162
E7,rtt500,sr,3,E7_sr_rtt500_trial03,0.05,0.0,500.0,0.0,,3084132674,1048576,8,2.0,129.147438,8119.216426112921,1048576,41,0.038497652582159626,0,0,0.0,129.14446,522.1082855691058,sr,True,ok,,131.187,1789658760.524,C:\Users\Ishaan Gupta\Hybrid-ARQ\logs\experiments\E7_sr_rtt500_trial03,0abf7b05910b6b4d0c3876197a68abc782738c2843f61d1894e5240b3d663387,740d97ecbf2f210150f1e62cd89b658b3be299491bed590d2f6332e7772eb2db
E7,rtt500,hybrid,3,E7_hybrid_rtt500_trial03,0.05,0.0,500.0,0.0,,3084132674,1048576,8,2.0,140.454869,7465.572446619846,1048576,96,0.08571428571428572,3,3,29.539787000000004,110.912106,520.8547248394008,sr,True,ok,,142.488,1789658891.735,C:\Users\Ishaan Gupta\Hybrid-ARQ\logs\experiments\E7_hybrid_rtt500_trial03,90d8b8412318b8327bf334b814f358e2bf8ea4382c70081c0a54732a970e9579,663088e56d19f05f55da4be3a0dcb07d006bc2bbda1cd1590af0defb8b5caf10
E7,rtt500,gbn,4,E7_gbn_rtt500_trial04,0.05,0.0,500.0,0.0,,2060892280,1048576,8,2.0,166.038749,6315.248737510062,1048576,348,0.2536443148688047,0,0,166.034656,0.0,521.0782895480224,gbn,True,ok,,168.134,1789659034.25,C:\Users\Ishaan Gupta\Hybrid-ARQ\logs\experiments\E7_gbn_rtt500_trial04,b9b0c7906e500b7c36d39d131e91d6132fbb1b891e2f35ed118fcac1ea562a32,96274dd078517bc0844d67b873f95cdfd2d994c86b93277fd49eb439bb48222e
E7,rtt500,sr,4,E7_sr_rtt500_trial04,0.05,0.0,500.0,0.0,,2060892280,1048576,8,2.0,136.408244,7687.04272741756,1048576,47,0.04388422035480859,0,0,0.0,136.403711,522.3986809815952,sr,True,ok,,138.535,1789659202.432,C:\Users\Ishaan Gupta\Hybrid-ARQ\logs\experiments\E7_sr_rtt500_trial04,7986fd0d9cae15be710397d4edeb665ded18e1c6ec13a93e040a89a9c03565bc,071d1420ca0d90614707b42c9f745ade5b910e3ae77dd38b01f991400d14704d
E7,rtt500,hybrid,4,E7_hybrid_rtt500_trial04,0.05,0.0,500.0,0.0,,2060892280,1048576,8,2.0,140.656892,7454.84977728642,1048576,78,0.07078039927404718,1,1,20.551733,120.10201400000001,522.9024941921858,sr,True,ok,,142.75,1789659341.014,C:\Users\Ishaan Gupta\Hybrid-ARQ\logs\experiments\E7_hybrid_rtt500_trial04,7bbcd60b83bf1173915229e950e19bd907fc5a14f4eb5f732ca0084bef1f9131,b1bd32a4d947476bed413c6751815df40a9d6e8141ffa08e411a9e615322749a
E8,loss_rise,hybrid,0,E8_hybrid_loss_rise_trial00,0.0,0.0,100.0,0.0,8:0.1,1092005345,1048576,8,0.4,33.258346,31528.206483870243,1048576,134,0.1157167530224525,1,1,14.144777,19.109751000000003,124.65468201284794,sr,True,ok,,35.534,1789659483.8,C:\Users\Ishaan Gupta\Hybrid-ARQ\logs\experiments\E8_hybrid_loss_rise_trial00,fec51e807c3124c6c34fe421d3998c7e386ec5ba325f22839d3ddeef8198acb8,b90746c62c93992632c6e8194a57260753b9e7f94df61f1f225227156c7feb92
E8,loss_rise,hybrid,1,E8_hybrid_loss_rise_trial01,0.0,0.0,100.0,0.0,8:0.1,566140463,1048576,8,0.4,34.55048,30349.100793968708,1048576,171,0.14309623430962343,1,1,16.951093,17.596471,124.53802622950823,sr,True,ok,,36.812,1789659519.367,C:\Users\Ishaan Gupta\Hybrid-ARQ\logs\experiments\E8_hybrid_loss_rise_trial01,a1d5b52b1d5869607ea08edd0ea22e168be9703c749330e59a9a40a6f18a655c,e944640d293823dbdd1d3c4c74010c6b5970aa09d8a22c58d400ebaa4a5ea649
E8,loss_rise,hybrid,2,E8_hybrid_loss_rise_trial02,0.0,0.0,100.0,0.0,8:0.1,1977577173,1048576,8,0.4,30.754513,34095.028589787784,1048576,102,0.0905861456483126,1,1,12.574837,18.176719,124.75337407013811,sr,True,ok,,32.991,1789659556.206,C:\Users\Ishaan Gupta\Hybrid-ARQ\logs\experiments\E8_hybrid_loss_rise_trial02,85f10f7c31dc7d80c869e24df0482491890ebde92978b835c260fc9a379f0e19,7babaec11fab4df6266772c5f84318287cd9e2a83f6e075cbb8ae0ffdb7954a0
E8,loss_rise,hybrid,3,E8_hybrid_loss_rise_trial03,0.0,0.0,100.0,0.0,8:0.1,3546708337,1048576,8,0.4,31.502853,33285.11230395545,1048576,129,0.11188204683434519,1,1,13.759385000000002,17.740628,124.70158941798942,sr,True,ok,,33.785,1789659589.223,C:\Users\Ishaan Gupta\Hybrid-ARQ\logs\experiments\E8_hybrid_loss_rise_trial03,9e868e2dbee27568bd109482ad4bc5c93adfabc9e09e62c4a54c6e7a50b2b5c5,1623ee1068920b5046a7b71a583a711f5f9e67691dde72ae6852d034502d81e3
E8,loss_rise,hybrid,4,E8_hybrid_loss_rise_trial04,0.0,0.0,100.0,0.0,8:0.1,3437407425,1048576,8,0.4,30.853598,33985.53387517398,1048576,90,0.0807899461400359,1,1,11.483658,19.366704000000002,124.4691048728813,sr,True,ok,,33.162,1789659623.052,C:\Users\Ishaan Gupta\Hybrid-ARQ\logs\experiments\E8_hybrid_loss_rise_trial04,9a24822f662696b5a1e70ab3489338cd5af18f9889501a9224c6e0da1e4728ae,7acbb2c4e02eba019a1f490c432af58fce28f1884c8b6c02b87b9bf31289ad0a
E8,loss_fall,hybrid,0,E8_hybrid_loss_fall_trial00,0.1,0.0,100.0,0.0,20:0,3830475198,1048576,8,0.4,28.146312,37254.47227331239,1048576,90,0.0807899461400359,2,2,9.635691000000001,18.507689,124.84070307529161,gbn,True,ok,,30.45,1789659656.257,C:\Users\Ishaan Gupta\Hybrid-ARQ\logs\experiments\E8_hybrid_loss_fall_trial00,900af938e65455849c09b7d8010e582805121090359a758d81799637a8c4e116,8facf279b07a336e1e331948c2e86616ec4f46ffe262061a864579cd92af75a7
E8,loss_fall,hybrid,1,E8_hybrid_loss_fall_trial01,0.1,0.0,100.0,0.0,20:0,4032926735,1048576,8,0.4,29.855201,35122.05461286293,1048576,100,0.08896797153024912,2,2,12.763833000000002,17.088492,123.86650744680855,gbn,True,ok,,32.156,1789659686.748,C:\Users\Ishaan Gupta\Hybrid-ARQ\logs\experiments\E8_hybrid_loss_fall_trial01,004f977f0616379dbf3d5b77ee73bc11d533fd360745468e5d60f468dfdb5245,699d7fc4754b0e409cdbdee6c3fc166903ae4d1d9f162be69b7806ecd6f80daa
E8,loss_fall,hybrid,2,E8_hybrid_loss_fall_trial02,0.1,0.0,100.0,0.0,20:0,199815991,1048576,8,0.4,29.497312,35548.188255255256,1048576,87,0.0783078307830783,2,2,11.818000000000001,17.675946,124.60171066525871,gbn,True,ok,,31.771,1789659718.951,C:\Users\Ishaan Gupta\Hybrid-ARQ\logs\experiments\E8_hybrid_loss_fall_trial02,7d4f972fa3f9d823d53e68f1c0548d50c97d798cc5bb8c564ea9f8beb631fbdf,b934504f98a43d8ae3e65790d33f2524f300fe6933a92466c7bb07a6efc5497f
E8,loss_fall,hybrid,3,E8_hybrid_loss_fall_trial03,0.1,0.0,100.0,0.0,20:0,1842590918,1048576,8,0.4,29.741547,35256.269621751686,1048576,94,0.08407871198568873,2,2,12.585775,17.152366,124.72618987341774,gbn,True,ok,,32.03,1789659750.753,C:\Users\Ishaan Gupta\Hybrid-ARQ\logs\experiments\E8_hybrid_loss_fall_trial03,24f36869a80d43a730b8c53dee5052106270c2a00e958424191d4b0a50a9e7f5,85b3467ae265aa3f852648eb979f86b6cc86758730331f2a71234f607bb6986a
E8,loss_fall,hybrid,4,E8_hybrid_loss_fall_trial04,0.1,0.0,100.0,0.0,20:0,3365962898,1048576,8,0.4,29.326213,35755.58835366844,1048576,126,0.10956521739130434,2,2,14.871612999999998,14.451540000000001,124.69366418703508,gbn,True,ok,,31.617,1789659782.826,C:\Users\Ishaan Gupta\Hybrid-ARQ\logs\experiments\E8_hybrid_loss_fall_trial04,783866cdb74cb180ef9f7be9322f02b25013340f92b38c066eebb28ef3a4383e,05802121d975ca3cc1221f52455f23c65a47062320455a253477e50e2753255a
E8,loss_change,hybrid,0,E8_hybrid_loss_change_trial00,0.02,0.0,100.0,0.0,"8:0.12,20:0.01,32:0.15,44:0.02",1019178410,1048576,8,0.4,30.26922,34641.65908470717,1048576,87,0.0783078307830783,4,4,7.8887040000000015,22.376846,124.77845164718389,gbn,True,ok,,32.58,1789659814.486,C:\Users\Ishaan Gupta\Hybrid-ARQ\logs\experiments\E8_hybrid_loss_change_trial00,486216907b45bdae7711cb189ff97eb20c3f5c7f6a1f4d13529362a4225ccf27,a05f46b59d3d5b5b19ec656e2701b962c9f833fa6eac76bf964c09426c0ed1e6
E8,loss_change,hybrid,1,E8_hybrid_loss_change_trial01,0.02,0.0,100.0,0.0,"8:0.12,20:0.01,32:0.15,44:0.02",1262435142,1048576,8,0.4,28.799473,36409.555133179,1048576,99,0.0881567230632235,5,5,9.456260000000004,19.340144,124.82117358892437,sr,True,ok,,31.071,1789659847.106,C:\Users\Ishaan Gupta\Hybrid-ARQ\logs\experiments\E8_hybrid_loss_change_trial01,f9a108fed3d74c9ae45afd40f6e52b494e620e62d2853bfaa7dba8fd85966702,88829010786922cf810c0079578d6bdffd85202317840170ddf04598ae59a2dd
E8,loss_change,hybrid,2,E8_hybrid_loss_change_trial02,0.02,0.0,100.0,0.0,"8:0.12,20:0.01,32:0.15,44:0.02",1558255997,1048576,8,0.4,29.81897,35164.72902987595,1048576,92,0.08243727598566308,2,2,10.407979,19.408718000000004,124.70264512711867,gbn,True,ok,,32.111,1789659878.231,C:\Users\Ishaan Gupta\Hybrid-ARQ\logs\experiments\E8_hybrid_loss_change_trial02,8fc2356dfb13e11175996c64e6d7bcfe7d3eb641b437015696a999af43f7eec6,6ca17b2d7d1ebbe981e02cad60624d1e42e9fdea33e23ec7862cccbf02788d66
E8,loss_change,hybrid,3,E8_hybrid_loss_change_trial03,0.02,0.0,100.0,0.0,"8:0.12,20:0.01,32:0.15,44:0.02",1700780023,1048576,8,0.4,30.558737,34313.4600098165,1048576,133,0.11495246326707001,6,6,13.163645,17.391948,124.6235240174673,gbn,True,ok,,32.858,1789659910.387,C:\Users\Ishaan Gupta\Hybrid-ARQ\logs\experiments\E8_hybrid_loss_change_trial03,5b6a216115e81e2b0fb14f552c7549bbe5fcffcc1c41dbb9e44c168232a3c23e,f2928c6abdb0bebd65039712e801ddd62a938c7d93117e415248fdffad7db793
E8,loss_change,hybrid,4,E8_hybrid_loss_change_trial04,0.02,0.0,100.0,0.0,"8:0.12,20:0.01,32:0.15,44:0.02",3975015524,1048576,8,0.4,28.930592,36244.54003568264,1048576,104,0.09219858156028368,3,3,12.153016000000001,16.774543,124.93050695187168,sr,True,ok,,31.218,1789659943.292,C:\Users\Ishaan Gupta\Hybrid-ARQ\logs\experiments\E8_hybrid_loss_change_trial04,339be7406fce93457b9ed86c4e502b94fbf15a02fccb18ae8072e79e43d1a146,775f6f83c426cf5a8b9ba72b2716d9aabba576932801b0f7448dd3a2f041c7de
